ID,og seq,scrambled seq,Hamming Distance,Oligo
FAM120A2P_0,CAGATG,GTGACA,4,GTGACACTCAACATTCCGCAGACCTCTCTGCAAGCAAAGCCCGTGGCCCCACAGGTGCCCAGCCCAGGGGGCGCCCCGGGCCAGGGTCCATACCCGTACAGCCTCTCTGAGCCAGCACCTCTCACTTTGGACACGAGCGGGAAGAATCTGACGGAGCAGAACAGCTACAGCAACATTCCTCACGAAGGGAAGCACACGCCGCTGTATGAGCGGTCCTTGCCCATCAACCCGGCCCAGAGCGGCAGCCCCAACCACGTGGATTCCGCCTACTTCCCTGGCTCTTCTACATCGTCATCTTCCGACAACGACGAGGGC
FAM120A2P_1,GATGCT,TTGCGA,6,CATTGCGACAACATTCCGCAGACCTCTCTGCAAGCAAAGCCCGTGGCCCCACAGGTGCCCAGCCCAGGGGGCGCCCCGGGCCAGGGTCCATACCCGTACAGCCTCTCTGAGCCAGCACCTCTCACTTTGGACACGAGCGGGAAGAATCTGACGGAGCAGAACAGCTACAGCAACATTCCTCACGAAGGGAAGCACACGCCGCTGTATGAGCGGTCCTTGCCCATCAACCCGGCCCAGAGCGGCAGCCCCAACCACGTGGATTCCGCCTACTTCCCTGGCTCTTCTACATCGTCATCTTCCGACAACGACGAGGGC
FAM120A2P_2,TGCTCA,CGTATC,5,CAGACGTATCACATTCCGCAGACCTCTCTGCAAGCAAAGCCCGTGGCCCCACAGGTGCCCAGCCCAGGGGGCGCCCCGGGCCAGGGTCCATACCCGTACAGCCTCTCTGAGCCAGCACCTCTCACTTTGGACACGAGCGGGAAGAATCTGACGGAGCAGAACAGCTACAGCAACATTCCTCACGAAGGGAAGCACACGCCGCTGTATGAGCGGTCCTTGCCCATCAACCCGGCCCAGAGCGGCAGCCCCAACCACGTGGATTCCGCCTACTTCCCTGGCTCTTCTACATCGTCATCTTCCGACAACGACGAGGGC
FAM120A2P_3,CTCAAC,TAACCC,5,CAGATGTAACCCATTCCGCAGACCTCTCTGCAAGCAAAGCCCGTGGCCCCACAGGTGCCCAGCCCAGGGGGCGCCCCGGGCCAGGGTCCATACCCGTACAGCCTCTCTGAGCCAGCACCTCTCACTTTGGACACGAGCGGGAAGAATCTGACGGAGCAGAACAGCTACAGCAACATTCCTCACGAAGGGAAGCACACGCCGCTGTATGAGCGGTCCTTGCCCATCAACCCGGCCCAGAGCGGCAGCCCCAACCACGTGGATTCCGCCTACTTCCCTGGCTCTTCTACATCGTCATCTTCCGACAACGACGAGGGC
FAM120A2P_4,CAACAT,ACCATA,6,CAGATGCTACCATATCCGCAGACCTCTCTGCAAGCAAAGCCCGTGGCCCCACAGGTGCCCAGCCCAGGGGGCGCCCCGGGCCAGGGTCCATACCCGTACAGCCTCTCTGAGCCAGCACCTCTCACTTTGGACACGAGCGGGAAGAATCTGACGGAGCAGAACAGCTACAGCAACATTCCTCACGAAGGGAAGCACACGCCGCTGTATGAGCGGTCCTTGCCCATCAACCCGGCCCAGAGCGGCAGCCCCAACCACGTGGATTCCGCCTACTTCCCTGGCTCTTCTACATCGTCATCTTCCGACAACGACGAGGGC
FAM120A2P_5,ACATTC,ATACCT,4,CAGATGCTCAATACCTCGCAGACCTCTCTGCAAGCAAAGCCCGTGGCCCCACAGGTGCCCAGCCCAGGGGGCGCCCCGGGCCAGGGTCCATACCCGTACAGCCTCTCTGAGCCAGCACCTCTCACTTTGGACACGAGCGGGAAGAATCTGACGGAGCAGAACAGCTACAGCAACATTCCTCACGAAGGGAAGCACACGCCGCTGTATGAGCGGTCCTTGCCCATCAACCCGGCCCAGAGCGGCAGCCCCAACCACGTGGATTCCGCCTACTTCCCTGGCTCTTCTACATCGTCATCTTCCGACAACGACGAGGGC
FAM120A2P_6,ATTCCG,CGACTT,5,CAGATGCTCAACCGACTTCAGACCTCTCTGCAAGCAAAGCCCGTGGCCCCACAGGTGCCCAGCCCAGGGGGCGCCCCGGGCCAGGGTCCATACCCGTACAGCCTCTCTGAGCCAGCACCTCTCACTTTGGACACGAGCGGGAAGAATCTGACGGAGCAGAACAGCTACAGCAACATTCCTCACGAAGGGAAGCACACGCCGCTGTATGAGCGGTCCTTGCCCATCAACCCGGCCCAGAGCGGCAGCCCCAACCACGTGGATTCCGCCTACTTCCCTGGCTCTTCTACATCGTCATCTTCCGACAACGACGAGGGC
FAM120A2P_7,TCCGCA,TCCACG,2,CAGATGCTCAACATTCCACGGACCTCTCTGCAAGCAAAGCCCGTGGCCCCACAGGTGCCCAGCCCAGGGGGCGCCCCGGGCCAGGGTCCATACCCGTACAGCCTCTCTGAGCCAGCACCTCTCACTTTGGACACGAGCGGGAAGAATCTGACGGAGCAGAACAGCTACAGCAACATTCCTCACGAAGGGAAGCACACGCCGCTGTATGAGCGGTCCTTGCCCATCAACCCGGCCCAGAGCGGCAGCCCCAACCACGTGGATTCCGCCTACTTCCCTGGCTCTTCTACATCGTCATCTTCCGACAACGACGAGGGC
FAM120A2P_8,CGCAGA,CAGCAG,5,CAGATGCTCAACATTCCAGCAGCCTCTCTGCAAGCAAAGCCCGTGGCCCCACAGGTGCCCAGCCCAGGGGGCGCCCCGGGCCAGGGTCCATACCCGTACAGCCTCTCTGAGCCAGCACCTCTCACTTTGGACACGAGCGGGAAGAATCTGACGGAGCAGAACAGCTACAGCAACATTCCTCACGAAGGGAAGCACACGCCGCTGTATGAGCGGTCCTTGCCCATCAACCCGGCCCAGAGCGGCAGCCCCAACCACGTGGATTCCGCCTACTTCCCTGGCTCTTCTACATCGTCATCTTCCGACAACGACGAGGGC
FAM120A2P_9,CAGACC,ACAGCC,4,CAGATGCTCAACATTCCGACAGCCTCTCTGCAAGCAAAGCCCGTGGCCCCACAGGTGCCCAGCCCAGGGGGCGCCCCGGGCCAGGGTCCATACCCGTACAGCCTCTCTGAGCCAGCACCTCTCACTTTGGACACGAGCGGGAAGAATCTGACGGAGCAGAACAGCTACAGCAACATTCCTCACGAAGGGAAGCACACGCCGCTGTATGAGCGGTCCTTGCCCATCAACCCGGCCCAGAGCGGCAGCCCCAACCACGTGGATTCCGCCTACTTCCCTGGCTCTTCTACATCGTCATCTTCCGACAACGACGAGGGC
FAM120A2P_10,GACCTC,CCGTAC,5,CAGATGCTCAACATTCCGCACCGTACTCTGCAAGCAAAGCCCGTGGCCCCACAGGTGCCCAGCCCAGGGGGCGCCCCGGGCCAGGGTCCATACCCGTACAGCCTCTCTGAGCCAGCACCTCTCACTTTGGACACGAGCGGGAAGAATCTGACGGAGCAGAACAGCTACAGCAACATTCCTCACGAAGGGAAGCACACGCCGCTGTATGAGCGGTCCTTGCCCATCAACCCGGCCCAGAGCGGCAGCCCCAACCACGTGGATTCCGCCTACTTCCCTGGCTCTTCTACATCGTCATCTTCCGACAACGACGAGGGC
FAM120A2P_11,CCTCTC,CCTTCC,2,CAGATGCTCAACATTCCGCAGACCTTCCTGCAAGCAAAGCCCGTGGCCCCACAGGTGCCCAGCCCAGGGGGCGCCCCGGGCCAGGGTCCATACCCGTACAGCCTCTCTGAGCCAGCACCTCTCACTTTGGACACGAGCGGGAAGAATCTGACGGAGCAGAACAGCTACAGCAACATTCCTCACGAAGGGAAGCACACGCCGCTGTATGAGCGGTCCTTGCCCATCAACCCGGCCCAGAGCGGCAGCCCCAACCACGTGGATTCCGCCTACTTCCCTGGCTCTTCTACATCGTCATCTTCCGACAACGACGAGGGC
FAM120A2P_12,TCTCTG,TTCTCG,4,CAGATGCTCAACATTCCGCAGACCTTCTCGCAAGCAAAGCCCGTGGCCCCACAGGTGCCCAGCCCAGGGGGCGCCCCGGGCCAGGGTCCATACCCGTACAGCCTCTCTGAGCCAGCACCTCTCACTTTGGACACGAGCGGGAAGAATCTGACGGAGCAGAACAGCTACAGCAACATTCCTCACGAAGGGAAGCACACGCCGCTGTATGAGCGGTCCTTGCCCATCAACCCGGCCCAGAGCGGCAGCCCCAACCACGTGGATTCCGCCTACTTCCCTGGCTCTTCTACATCGTCATCTTCCGACAACGACGAGGGC
FAM120A2P_13,TCTGCA,TTCAGC,5,CAGATGCTCAACATTCCGCAGACCTCTTCAGCAGCAAAGCCCGTGGCCCCACAGGTGCCCAGCCCAGGGGGCGCCCCGGGCCAGGGTCCATACCCGTACAGCCTCTCTGAGCCAGCACCTCTCACTTTGGACACGAGCGGGAAGAATCTGACGGAGCAGAACAGCTACAGCAACATTCCTCACGAAGGGAAGCACACGCCGCTGTATGAGCGGTCCTTGCCCATCAACCCGGCCCAGAGCGGCAGCCCCAACCACGTGGATTCCGCCTACTTCCCTGGCTCTTCTACATCGTCATCTTCCGACAACGACGAGGGC
FAM120A2P_14,TGCAAG,AGACTG,4,CAGATGCTCAACATTCCGCAGACCTCTCAGACTGCAAAGCCCGTGGCCCCACAGGTGCCCAGCCCAGGGGGCGCCCCGGGCCAGGGTCCATACCCGTACAGCCTCTCTGAGCCAGCACCTCTCACTTTGGACACGAGCGGGAAGAATCTGACGGAGCAGAACAGCTACAGCAACATTCCTCACGAAGGGAAGCACACGCCGCTGTATGAGCGGTCCTTGCCCATCAACCCGGCCCAGAGCGGCAGCCCCAACCACGTGGATTCCGCCTACTTCCCTGGCTCTTCTACATCGTCATCTTCCGACAACGACGAGGGC
FAM120A2P_15,CAAGCA,AAGCAC,5,CAGATGCTCAACATTCCGCAGACCTCTCTGAAGCACAAGCCCGTGGCCCCACAGGTGCCCAGCCCAGGGGGCGCCCCGGGCCAGGGTCCATACCCGTACAGCCTCTCTGAGCCAGCACCTCTCACTTTGGACACGAGCGGGAAGAATCTGACGGAGCAGAACAGCTACAGCAACATTCCTCACGAAGGGAAGCACACGCCGCTGTATGAGCGGTCCTTGCCCATCAACCCGGCCCAGAGCGGCAGCCCCAACCACGTGGATTCCGCCTACTTCCCTGGCTCTTCTACATCGTCATCTTCCGACAACGACGAGGGC
FAM120A2P_16,AGCAAA,CGAAAA,2,CAGATGCTCAACATTCCGCAGACCTCTCTGCACGAAAAGCCCGTGGCCCCACAGGTGCCCAGCCCAGGGGGCGCCCCGGGCCAGGGTCCATACCCGTACAGCCTCTCTGAGCCAGCACCTCTCACTTTGGACACGAGCGGGAAGAATCTGACGGAGCAGAACAGCTACAGCAACATTCCTCACGAAGGGAAGCACACGCCGCTGTATGAGCGGTCCTTGCCCATCAACCCGGCCCAGAGCGGCAGCCCCAACCACGTGGATTCCGCCTACTTCCCTGGCTCTTCTACATCGTCATCTTCCGACAACGACGAGGGC
FAM120A2P_17,CAAAGC,CGCAAA,4,CAGATGCTCAACATTCCGCAGACCTCTCTGCAAGCGCAAACCGTGGCCCCACAGGTGCCCAGCCCAGGGGGCGCCCCGGGCCAGGGTCCATACCCGTACAGCCTCTCTGAGCCAGCACCTCTCACTTTGGACACGAGCGGGAAGAATCTGACGGAGCAGAACAGCTACAGCAACATTCCTCACGAAGGGAAGCACACGCCGCTGTATGAGCGGTCCTTGCCCATCAACCCGGCCCAGAGCGGCAGCCCCAACCACGTGGATTCCGCCTACTTCCCTGGCTCTTCTACATCGTCATCTTCCGACAACGACGAGGGC
FAM120A2P_18,AAGCCC,ACCAGC,4,CAGATGCTCAACATTCCGCAGACCTCTCTGCAAGCAACCAGCGTGGCCCCACAGGTGCCCAGCCCAGGGGGCGCCCCGGGCCAGGGTCCATACCCGTACAGCCTCTCTGAGCCAGCACCTCTCACTTTGGACACGAGCGGGAAGAATCTGACGGAGCAGAACAGCTACAGCAACATTCCTCACGAAGGGAAGCACACGCCGCTGTATGAGCGGTCCTTGCCCATCAACCCGGCCCAGAGCGGCAGCCCCAACCACGTGGATTCCGCCTACTTCCCTGGCTCTTCTACATCGTCATCTTCCGACAACGACGAGGGC
FAM120A2P_19,GCCCGT,CCGCGT,2,CAGATGCTCAACATTCCGCAGACCTCTCTGCAAGCAAACCGCGTGGCCCCACAGGTGCCCAGCCCAGGGGGCGCCCCGGGCCAGGGTCCATACCCGTACAGCCTCTCTGAGCCAGCACCTCTCACTTTGGACACGAGCGGGAAGAATCTGACGGAGCAGAACAGCTACAGCAACATTCCTCACGAAGGGAAGCACACGCCGCTGTATGAGCGGTCCTTGCCCATCAACCCGGCCCAGAGCGGCAGCCCCAACCACGTGGATTCCGCCTACTTCCCTGGCTCTTCTACATCGTCATCTTCCGACAACGACGAGGGC
FAM120A2P_20,CCGTGG,TCGCGG,2,CAGATGCTCAACATTCCGCAGACCTCTCTGCAAGCAAAGCTCGCGGCCCCACAGGTGCCCAGCCCAGGGGGCGCCCCGGGCCAGGGTCCATACCCGTACAGCCTCTCTGAGCCAGCACCTCTCACTTTGGACACGAGCGGGAAGAATCTGACGGAGCAGAACAGCTACAGCAACATTCCTCACGAAGGGAAGCACACGCCGCTGTATGAGCGGTCCTTGCCCATCAACCCGGCCCAGAGCGGCAGCCCCAACCACGTGGATTCCGCCTACTTCCCTGGCTCTTCTACATCGTCATCTTCCGACAACGACGAGGGC
FAM120A2P_21,GTGGCC,GCGGCT,2,CAGATGCTCAACATTCCGCAGACCTCTCTGCAAGCAAAGCCCGCGGCTCCACAGGTGCCCAGCCCAGGGGGCGCCCCGGGCCAGGGTCCATACCCGTACAGCCTCTCTGAGCCAGCACCTCTCACTTTGGACACGAGCGGGAAGAATCTGACGGAGCAGAACAGCTACAGCAACATTCCTCACGAAGGGAAGCACACGCCGCTGTATGAGCGGTCCTTGCCCATCAACCCGGCCCAGAGCGGCAGCCCCAACCACGTGGATTCCGCCTACTTCCCTGGCTCTTCTACATCGTCATCTTCCGACAACGACGAGGGC
FAM120A2P_22,GGCCCC,CGCCGC,2,CAGATGCTCAACATTCCGCAGACCTCTCTGCAAGCAAAGCCCGTCGCCGCACAGGTGCCCAGCCCAGGGGGCGCCCCGGGCCAGGGTCCATACCCGTACAGCCTCTCTGAGCCAGCACCTCTCACTTTGGACACGAGCGGGAAGAATCTGACGGAGCAGAACAGCTACAGCAACATTCCTCACGAAGGGAAGCACACGCCGCTGTATGAGCGGTCCTTGCCCATCAACCCGGCCCAGAGCGGCAGCCCCAACCACGTGGATTCCGCCTACTTCCCTGGCTCTTCTACATCGTCATCTTCCGACAACGACGAGGGC
FAM120A2P_23,CCCCAC,CCCACC,2,CAGATGCTCAACATTCCGCAGACCTCTCTGCAAGCAAAGCCCGTGGCCCACCAGGTGCCCAGCCCAGGGGGCGCCCCGGGCCAGGGTCCATACCCGTACAGCCTCTCTGAGCCAGCACCTCTCACTTTGGACACGAGCGGGAAGAATCTGACGGAGCAGAACAGCTACAGCAACATTCCTCACGAAGGGAAGCACACGCCGCTGTATGAGCGGTCCTTGCCCATCAACCCGGCCCAGAGCGGCAGCCCCAACCACGTGGATTCCGCCTACTTCCCTGGCTCTTCTACATCGTCATCTTCCGACAACGACGAGGGC
FAM120A2P_24,CCACAG,GACACC,6,CAGATGCTCAACATTCCGCAGACCTCTCTGCAAGCAAAGCCCGTGGCCGACACCGTGCCCAGCCCAGGGGGCGCCCCGGGCCAGGGTCCATACCCGTACAGCCTCTCTGAGCCAGCACCTCTCACTTTGGACACGAGCGGGAAGAATCTGACGGAGCAGAACAGCTACAGCAACATTCCTCACGAAGGGAAGCACACGCCGCTGTATGAGCGGTCCTTGCCCATCAACCCGGCCCAGAGCGGCAGCCCCAACCACGTGGATTCCGCCTACTTCCCTGGCTCTTCTACATCGTCATCTTCCGACAACGACGAGGGC
FAM120A2P_25,ACAGGT,CGAGTA,4,CAGATGCTCAACATTCCGCAGACCTCTCTGCAAGCAAAGCCCGTGGCCCCCGAGTAGCCCAGCCCAGGGGGCGCCCCGGGCCAGGGTCCATACCCGTACAGCCTCTCTGAGCCAGCACCTCTCACTTTGGACACGAGCGGGAAGAATCTGACGGAGCAGAACAGCTACAGCAACATTCCTCACGAAGGGAAGCACACGCCGCTGTATGAGCGGTCCTTGCCCATCAACCCGGCCCAGAGCGGCAGCCCCAACCACGTGGATTCCGCCTACTTCCCTGGCTCTTCTACATCGTCATCTTCCGACAACGACGAGGGC
FAM120A2P_26,AGGTGC,TACGGG,5,CAGATGCTCAACATTCCGCAGACCTCTCTGCAAGCAAAGCCCGTGGCCCCACTACGGGCCAGCCCAGGGGGCGCCCCGGGCCAGGGTCCATACCCGTACAGCCTCTCTGAGCCAGCACCTCTCACTTTGGACACGAGCGGGAAGAATCTGACGGAGCAGAACAGCTACAGCAACATTCCTCACGAAGGGAAGCACACGCCGCTGTATGAGCGGTCCTTGCCCATCAACCCGGCCCAGAGCGGCAGCCCCAACCACGTGGATTCCGCCTACTTCCCTGGCTCTTCTACATCGTCATCTTCCGACAACGACGAGGGC
FAM120A2P_27,GTGCCC,CCCGGT,6,CAGATGCTCAACATTCCGCAGACCTCTCTGCAAGCAAAGCCCGTGGCCCCACAGCCCGGTAGCCCAGGGGGCGCCCCGGGCCAGGGTCCATACCCGTACAGCCTCTCTGAGCCAGCACCTCTCACTTTGGACACGAGCGGGAAGAATCTGACGGAGCAGAACAGCTACAGCAACATTCCTCACGAAGGGAAGCACACGCCGCTGTATGAGCGGTCCTTGCCCATCAACCCGGCCCAGAGCGGCAGCCCCAACCACGTGGATTCCGCCTACTTCCCTGGCTCTTCTACATCGTCATCTTCCGACAACGACGAGGGC
FAM120A2P_28,GCCCAG,CGAGCC,6,CAGATGCTCAACATTCCGCAGACCTCTCTGCAAGCAAAGCCCGTGGCCCCACAGGTCGAGCCCCCAGGGGGCGCCCCGGGCCAGGGTCCATACCCGTACAGCCTCTCTGAGCCAGCACCTCTCACTTTGGACACGAGCGGGAAGAATCTGACGGAGCAGAACAGCTACAGCAACATTCCTCACGAAGGGAAGCACACGCCGCTGTATGAGCGGTCCTTGCCCATCAACCCGGCCCAGAGCGGCAGCCCCAACCACGTGGATTCCGCCTACTTCCCTGGCTCTTCTACATCGTCATCTTCCGACAACGACGAGGGC
FAM120A2P_29,CCAGCC,GCCCAC,4,CAGATGCTCAACATTCCGCAGACCTCTCTGCAAGCAAAGCCCGTGGCCCCACAGGTGCGCCCACCAGGGGGCGCCCCGGGCCAGGGTCCATACCCGTACAGCCTCTCTGAGCCAGCACCTCTCACTTTGGACACGAGCGGGAAGAATCTGACGGAGCAGAACAGCTACAGCAACATTCCTCACGAAGGGAAGCACACGCCGCTGTATGAGCGGTCCTTGCCCATCAACCCGGCCCAGAGCGGCAGCCCCAACCACGTGGATTCCGCCTACTTCCCTGGCTCTTCTACATCGTCATCTTCCGACAACGACGAGGGC
FAM120A2P_30,AGCCCA,ACACGC,4,CAGATGCTCAACATTCCGCAGACCTCTCTGCAAGCAAAGCCCGTGGCCCCACAGGTGCCCACACGCGGGGGCGCCCCGGGCCAGGGTCCATACCCGTACAGCCTCTCTGAGCCAGCACCTCTCACTTTGGACACGAGCGGGAAGAATCTGACGGAGCAGAACAGCTACAGCAACATTCCTCACGAAGGGAAGCACACGCCGCTGTATGAGCGGTCCTTGCCCATCAACCCGGCCCAGAGCGGCAGCCCCAACCACGTGGATTCCGCCTACTTCCCTGGCTCTTCTACATCGTCATCTTCCGACAACGACGAGGGC
FAM120A2P_31,CCCAGG,GCCCAG,3,CAGATGCTCAACATTCCGCAGACCTCTCTGCAAGCAAAGCCCGTGGCCCCACAGGTGCCCAGGCCCAGGGGCGCCCCGGGCCAGGGTCCATACCCGTACAGCCTCTCTGAGCCAGCACCTCTCACTTTGGACACGAGCGGGAAGAATCTGACGGAGCAGAACAGCTACAGCAACATTCCTCACGAAGGGAAGCACACGCCGCTGTATGAGCGGTCCTTGCCCATCAACCCGGCCCAGAGCGGCAGCCCCAACCACGTGGATTCCGCCTACTTCCCTGGCTCTTCTACATCGTCATCTTCCGACAACGACGAGGGC
FAM120A2P_32,CAGGGG,GGAGCG,4,CAGATGCTCAACATTCCGCAGACCTCTCTGCAAGCAAAGCCCGTGGCCCCACAGGTGCCCAGCCGGAGCGGCGCCCCGGGCCAGGGTCCATACCCGTACAGCCTCTCTGAGCCAGCACCTCTCACTTTGGACACGAGCGGGAAGAATCTGACGGAGCAGAACAGCTACAGCAACATTCCTCACGAAGGGAAGCACACGCCGCTGTATGAGCGGTCCTTGCCCATCAACCCGGCCCAGAGCGGCAGCCCCAACCACGTGGATTCCGCCTACTTCCCTGGCTCTTCTACATCGTCATCTTCCGACAACGACGAGGGC
FAM120A2P_33,GGGGGC,GGCGGG,2,CAGATGCTCAACATTCCGCAGACCTCTCTGCAAGCAAAGCCCGTGGCCCCACAGGTGCCCAGCCCAGGCGGGGCCCCGGGCCAGGGTCCATACCCGTACAGCCTCTCTGAGCCAGCACCTCTCACTTTGGACACGAGCGGGAAGAATCTGACGGAGCAGAACAGCTACAGCAACATTCCTCACGAAGGGAAGCACACGCCGCTGTATGAGCGGTCCTTGCCCATCAACCCGGCCCAGAGCGGCAGCCCCAACCACGTGGATTCCGCCTACTTCCCTGGCTCTTCTACATCGTCATCTTCCGACAACGACGAGGGC
FAM120A2P_34,GGGCGC,GCGGCG,4,CAGATGCTCAACATTCCGCAGACCTCTCTGCAAGCAAAGCCCGTGGCCCCACAGGTGCCCAGCCCAGGGCGGCGCCCGGGCCAGGGTCCATACCCGTACAGCCTCTCTGAGCCAGCACCTCTCACTTTGGACACGAGCGGGAAGAATCTGACGGAGCAGAACAGCTACAGCAACATTCCTCACGAAGGGAAGCACACGCCGCTGTATGAGCGGTCCTTGCCCATCAACCCGGCCCAGAGCGGCAGCCCCAACCACGTGGATTCCGCCTACTTCCCTGGCTCTTCTACATCGTCATCTTCCGACAACGACGAGGGC
FAM120A2P_35,GCGCCC,CGCCGC,4,CAGATGCTCAACATTCCGCAGACCTCTCTGCAAGCAAAGCCCGTGGCCCCACAGGTGCCCAGCCCAGGGGCGCCGCCGGGCCAGGGTCCATACCCGTACAGCCTCTCTGAGCCAGCACCTCTCACTTTGGACACGAGCGGGAAGAATCTGACGGAGCAGAACAGCTACAGCAACATTCCTCACGAAGGGAAGCACACGCCGCTGTATGAGCGGTCCTTGCCCATCAACCCGGCCCAGAGCGGCAGCCCCAACCACGTGGATTCCGCCTACTTCCCTGGCTCTTCTACATCGTCATCTTCCGACAACGACGAGGGC
FAM120A2P_36,GCCCCG,CCGCGC,4,CAGATGCTCAACATTCCGCAGACCTCTCTGCAAGCAAAGCCCGTGGCCCCACAGGTGCCCAGCCCAGGGGGCCCGCGCGGCCAGGGTCCATACCCGTACAGCCTCTCTGAGCCAGCACCTCTCACTTTGGACACGAGCGGGAAGAATCTGACGGAGCAGAACAGCTACAGCAACATTCCTCACGAAGGGAAGCACACGCCGCTGTATGAGCGGTCCTTGCCCATCAACCCGGCCCAGAGCGGCAGCCCCAACCACGTGGATTCCGCCTACTTCCCTGGCTCTTCTACATCGTCATCTTCCGACAACGACGAGGGC
FAM120A2P_37,CCCGGG,GCGCCG,4,CAGATGCTCAACATTCCGCAGACCTCTCTGCAAGCAAAGCCCGTGGCCCCACAGGTGCCCAGCCCAGGGGGCGCGCGCCGCCAGGGTCCATACCCGTACAGCCTCTCTGAGCCAGCACCTCTCACTTTGGACACGAGCGGGAAGAATCTGACGGAGCAGAACAGCTACAGCAACATTCCTCACGAAGGGAAGCACACGCCGCTGTATGAGCGGTCCTTGCCCATCAACCCGGCCCAGAGCGGCAGCCCCAACCACGTGGATTCCGCCTACTTCCCTGGCTCTTCTACATCGTCATCTTCCGACAACGACGAGGGC
FAM120A2P_38,CGGGCC,CCGGCG,2,CAGATGCTCAACATTCCGCAGACCTCTCTGCAAGCAAAGCCCGTGGCCCCACAGGTGCCCAGCCCAGGGGGCGCCCCCGGCGAGGGTCCATACCCGTACAGCCTCTCTGAGCCAGCACCTCTCACTTTGGACACGAGCGGGAAGAATCTGACGGAGCAGAACAGCTACAGCAACATTCCTCACGAAGGGAAGCACACGCCGCTGTATGAGCGGTCCTTGCCCATCAACCCGGCCCAGAGCGGCAGCCCCAACCACGTGGATTCCGCCTACTTCCCTGGCTCTTCTACATCGTCATCTTCCGACAACGACGAGGGC
FAM120A2P_39,GGCCAG,AGCCGG,2,CAGATGCTCAACATTCCGCAGACCTCTCTGCAAGCAAAGCCCGTGGCCCCACAGGTGCCCAGCCCAGGGGGCGCCCCGAGCCGGGGTCCATACCCGTACAGCCTCTCTGAGCCAGCACCTCTCACTTTGGACACGAGCGGGAAGAATCTGACGGAGCAGAACAGCTACAGCAACATTCCTCACGAAGGGAAGCACACGCCGCTGTATGAGCGGTCCTTGCCCATCAACCCGGCCCAGAGCGGCAGCCCCAACCACGTGGATTCCGCCTACTTCCCTGGCTCTTCTACATCGTCATCTTCCGACAACGACGAGGGC
FAM120A2P_40,CCAGGG,AGCGCG,4,CAGATGCTCAACATTCCGCAGACCTCTCTGCAAGCAAAGCCCGTGGCCCCACAGGTGCCCAGCCCAGGGGGCGCCCCGGGAGCGCGTCCATACCCGTACAGCCTCTCTGAGCCAGCACCTCTCACTTTGGACACGAGCGGGAAGAATCTGACGGAGCAGAACAGCTACAGCAACATTCCTCACGAAGGGAAGCACACGCCGCTGTATGAGCGGTCCTTGCCCATCAACCCGGCCCAGAGCGGCAGCCCCAACCACGTGGATTCCGCCTACTTCCCTGGCTCTTCTACATCGTCATCTTCCGACAACGACGAGGGC
FAM120A2P_41,AGGGTC,AGGCTG,2,CAGATGCTCAACATTCCGCAGACCTCTCTGCAAGCAAAGCCCGTGGCCCCACAGGTGCCCAGCCCAGGGGGCGCCCCGGGCCAGGCTGCATACCCGTACAGCCTCTCTGAGCCAGCACCTCTCACTTTGGACACGAGCGGGAAGAATCTGACGGAGCAGAACAGCTACAGCAACATTCCTCACGAAGGGAAGCACACGCCGCTGTATGAGCGGTCCTTGCCCATCAACCCGGCCCAGAGCGGCAGCCCCAACCACGTGGATTCCGCCTACTTCCCTGGCTCTTCTACATCGTCATCTTCCGACAACGACGAGGGC
FAM120A2P_42,GGTCCA,ACTCGG,4,CAGATGCTCAACATTCCGCAGACCTCTCTGCAAGCAAAGCCCGTGGCCCCACAGGTGCCCAGCCCAGGGGGCGCCCCGGGCCAGACTCGGTACCCGTACAGCCTCTCTGAGCCAGCACCTCTCACTTTGGACACGAGCGGGAAGAATCTGACGGAGCAGAACAGCTACAGCAACATTCCTCACGAAGGGAAGCACACGCCGCTGTATGAGCGGTCCTTGCCCATCAACCCGGCCCAGAGCGGCAGCCCCAACCACGTGGATTCCGCCTACTTCCCTGGCTCTTCTACATCGTCATCTTCCGACAACGACGAGGGC
FAM120A2P_43,TCCATA,CTAATC,4,CAGATGCTCAACATTCCGCAGACCTCTCTGCAAGCAAAGCCCGTGGCCCCACAGGTGCCCAGCCCAGGGGGCGCCCCGGGCCAGGGCTAATCCCCGTACAGCCTCTCTGAGCCAGCACCTCTCACTTTGGACACGAGCGGGAAGAATCTGACGGAGCAGAACAGCTACAGCAACATTCCTCACGAAGGGAAGCACACGCCGCTGTATGAGCGGTCCTTGCCCATCAACCCGGCCCAGAGCGGCAGCCCCAACCACGTGGATTCCGCCTACTTCCCTGGCTCTTCTACATCGTCATCTTCCGACAACGACGAGGGC
FAM120A2P_44,CATACC,CCCAAT,4,CAGATGCTCAACATTCCGCAGACCTCTCTGCAAGCAAAGCCCGTGGCCCCACAGGTGCCCAGCCCAGGGGGCGCCCCGGGCCAGGGTCCCCAATCGTACAGCCTCTCTGAGCCAGCACCTCTCACTTTGGACACGAGCGGGAAGAATCTGACGGAGCAGAACAGCTACAGCAACATTCCTCACGAAGGGAAGCACACGCCGCTGTATGAGCGGTCCTTGCCCATCAACCCGGCCCAGAGCGGCAGCCCCAACCACGTGGATTCCGCCTACTTCCCTGGCTCTTCTACATCGTCATCTTCCGACAACGACGAGGGC
FAM120A2P_45,TACCCG,GATCCC,3,CAGATGCTCAACATTCCGCAGACCTCTCTGCAAGCAAAGCCCGTGGCCCCACAGGTGCCCAGCCCAGGGGGCGCCCCGGGCCAGGGTCCAGATCCCTACAGCCTCTCTGAGCCAGCACCTCTCACTTTGGACACGAGCGGGAAGAATCTGACGGAGCAGAACAGCTACAGCAACATTCCTCACGAAGGGAAGCACACGCCGCTGTATGAGCGGTCCTTGCCCATCAACCCGGCCCAGAGCGGCAGCCCCAACCACGTGGATTCCGCCTACTTCCCTGGCTCTTCTACATCGTCATCTTCCGACAACGACGAGGGC
FAM120A2P_46,CCCGTA,ACCGCT,3,CAGATGCTCAACATTCCGCAGACCTCTCTGCAAGCAAAGCCCGTGGCCCCACAGGTGCCCAGCCCAGGGGGCGCCCCGGGCCAGGGTCCATAACCGCTCAGCCTCTCTGAGCCAGCACCTCTCACTTTGGACACGAGCGGGAAGAATCTGACGGAGCAGAACAGCTACAGCAACATTCCTCACGAAGGGAAGCACACGCCGCTGTATGAGCGGTCCTTGCCCATCAACCCGGCCCAGAGCGGCAGCCCCAACCACGTGGATTCCGCCTACTTCCCTGGCTCTTCTACATCGTCATCTTCCGACAACGACGAGGGC
FAM120A2P_47,CGTACA,GTACCA,4,CAGATGCTCAACATTCCGCAGACCTCTCTGCAAGCAAAGCCCGTGGCCCCACAGGTGCCCAGCCCAGGGGGCGCCCCGGGCCAGGGTCCATACCGTACCAGCCTCTCTGAGCCAGCACCTCTCACTTTGGACACGAGCGGGAAGAATCTGACGGAGCAGAACAGCTACAGCAACATTCCTCACGAAGGGAAGCACACGCCGCTGTATGAGCGGTCCTTGCCCATCAACCCGGCCCAGAGCGGCAGCCCCAACCACGTGGATTCCGCCTACTTCCCTGGCTCTTCTACATCGTCATCTTCCGACAACGACGAGGGC
FAM120A2P_48,TACAGC,GACCAT,4,CAGATGCTCAACATTCCGCAGACCTCTCTGCAAGCAAAGCCCGTGGCCCCACAGGTGCCCAGCCCAGGGGGCGCCCCGGGCCAGGGTCCATACCCGGACCATCTCTCTGAGCCAGCACCTCTCACTTTGGACACGAGCGGGAAGAATCTGACGGAGCAGAACAGCTACAGCAACATTCCTCACGAAGGGAAGCACACGCCGCTGTATGAGCGGTCCTTGCCCATCAACCCGGCCCAGAGCGGCAGCCCCAACCACGTGGATTCCGCCTACTTCCCTGGCTCTTCTACATCGTCATCTTCCGACAACGACGAGGGC
FAM120A2P_49,CAGCCT,GTCACC,5,CAGATGCTCAACATTCCGCAGACCTCTCTGCAAGCAAAGCCCGTGGCCCCACAGGTGCCCAGCCCAGGGGGCGCCCCGGGCCAGGGTCCATACCCGTAGTCACCCTCTGAGCCAGCACCTCTCACTTTGGACACGAGCGGGAAGAATCTGACGGAGCAGAACAGCTACAGCAACATTCCTCACGAAGGGAAGCACACGCCGCTGTATGAGCGGTCCTTGCCCATCAACCCGGCCCAGAGCGGCAGCCCCAACCACGTGGATTCCGCCTACTTCCCTGGCTCTTCTACATCGTCATCTTCCGACAACGACGAGGGC
FAM120A2P_50,GCCTCT,CTGTCC,4,CAGATGCTCAACATTCCGCAGACCTCTCTGCAAGCAAAGCCCGTGGCCCCACAGGTGCCCAGCCCAGGGGGCGCCCCGGGCCAGGGTCCATACCCGTACACTGTCCCTGAGCCAGCACCTCTCACTTTGGACACGAGCGGGAAGAATCTGACGGAGCAGAACAGCTACAGCAACATTCCTCACGAAGGGAAGCACACGCCGCTGTATGAGCGGTCCTTGCCCATCAACCCGGCCCAGAGCGGCAGCCCCAACCACGTGGATTCCGCCTACTTCCCTGGCTCTTCTACATCGTCATCTTCCGACAACGACGAGGGC
FAM120A2P_51,CTCTCT,CCTCTT,4,CAGATGCTCAACATTCCGCAGACCTCTCTGCAAGCAAAGCCCGTGGCCCCACAGGTGCCCAGCCCAGGGGGCGCCCCGGGCCAGGGTCCATACCCGTACAGCCCTCTTGAGCCAGCACCTCTCACTTTGGACACGAGCGGGAAGAATCTGACGGAGCAGAACAGCTACAGCAACATTCCTCACGAAGGGAAGCACACGCCGCTGTATGAGCGGTCCTTGCCCATCAACCCGGCCCAGAGCGGCAGCCCCAACCACGTGGATTCCGCCTACTTCCCTGGCTCTTCTACATCGTCATCTTCCGACAACGACGAGGGC
FAM120A2P_52,CTCTGA,GCTTCA,4,CAGATGCTCAACATTCCGCAGACCTCTCTGCAAGCAAAGCCCGTGGCCCCACAGGTGCCCAGCCCAGGGGGCGCCCCGGGCCAGGGTCCATACCCGTACAGCCTGCTTCAGCCAGCACCTCTCACTTTGGACACGAGCGGGAAGAATCTGACGGAGCAGAACAGCTACAGCAACATTCCTCACGAAGGGAAGCACACGCCGCTGTATGAGCGGTCCTTGCCCATCAACCCGGCCCAGAGCGGCAGCCCCAACCACGTGGATTCCGCCTACTTCCCTGGCTCTTCTACATCGTCATCTTCCGACAACGACGAGGGC
FAM120A2P_53,CTGAGC,CCGGAT,4,CAGATGCTCAACATTCCGCAGACCTCTCTGCAAGCAAAGCCCGTGGCCCCACAGGTGCCCAGCCCAGGGGGCGCCCCGGGCCAGGGTCCATACCCGTACAGCCTCTCCGGATCAGCACCTCTCACTTTGGACACGAGCGGGAAGAATCTGACGGAGCAGAACAGCTACAGCAACATTCCTCACGAAGGGAAGCACACGCCGCTGTATGAGCGGTCCTTGCCCATCAACCCGGCCCAGAGCGGCAGCCCCAACCACGTGGATTCCGCCTACTTCCCTGGCTCTTCTACATCGTCATCTTCCGACAACGACGAGGGC
FAM120A2P_54,GAGCCA,CCAGAG,6,CAGATGCTCAACATTCCGCAGACCTCTCTGCAAGCAAAGCCCGTGGCCCCACAGGTGCCCAGCCCAGGGGGCGCCCCGGGCCAGGGTCCATACCCGTACAGCCTCTCTCCAGAGGCACCTCTCACTTTGGACACGAGCGGGAAGAATCTGACGGAGCAGAACAGCTACAGCAACATTCCTCACGAAGGGAAGCACACGCCGCTGTATGAGCGGTCCTTGCCCATCAACCCGGCCCAGAGCGGCAGCCCCAACCACGTGGATTCCGCCTACTTCCCTGGCTCTTCTACATCGTCATCTTCCGACAACGACGAGGGC
FAM120A2P_55,GCCAGC,CCGACG,4,CAGATGCTCAACATTCCGCAGACCTCTCTGCAAGCAAAGCCCGTGGCCCCACAGGTGCCCAGCCCAGGGGGCGCCCCGGGCCAGGGTCCATACCCGTACAGCCTCTCTGACCGACGACCTCTCACTTTGGACACGAGCGGGAAGAATCTGACGGAGCAGAACAGCTACAGCAACATTCCTCACGAAGGGAAGCACACGCCGCTGTATGAGCGGTCCTTGCCCATCAACCCGGCCCAGAGCGGCAGCCCCAACCACGTGGATTCCGCCTACTTCCCTGGCTCTTCTACATCGTCATCTTCCGACAACGACGAGGGC
FAM120A2P_56,CAGCAC,CACAGC,3,CAGATGCTCAACATTCCGCAGACCTCTCTGCAAGCAAAGCCCGTGGCCCCACAGGTGCCCAGCCCAGGGGGCGCCCCGGGCCAGGGTCCATACCCGTACAGCCTCTCTGAGCCACAGCCTCTCACTTTGGACACGAGCGGGAAGAATCTGACGGAGCAGAACAGCTACAGCAACATTCCTCACGAAGGGAAGCACACGCCGCTGTATGAGCGGTCCTTGCCCATCAACCCGGCCCAGAGCGGCAGCCCCAACCACGTGGATTCCGCCTACTTCCCTGGCTCTTCTACATCGTCATCTTCCGACAACGACGAGGGC
FAM120A2P_57,GCACCT,CCCATG,5,CAGATGCTCAACATTCCGCAGACCTCTCTGCAAGCAAAGCCCGTGGCCCCACAGGTGCCCAGCCCAGGGGGCGCCCCGGGCCAGGGTCCATACCCGTACAGCCTCTCTGAGCCACCCATGCTCACTTTGGACACGAGCGGGAAGAATCTGACGGAGCAGAACAGCTACAGCAACATTCCTCACGAAGGGAAGCACACGCCGCTGTATGAGCGGTCCTTGCCCATCAACCCGGCCCAGAGCGGCAGCCCCAACCACGTGGATTCCGCCTACTTCCCTGGCTCTTCTACATCGTCATCTTCCGACAACGACGAGGGC
FAM120A2P_58,ACCTCT,TCCTAC,3,CAGATGCTCAACATTCCGCAGACCTCTCTGCAAGCAAAGCCCGTGGCCCCACAGGTGCCCAGCCCAGGGGGCGCCCCGGGCCAGGGTCCATACCCGTACAGCCTCTCTGAGCCAGCTCCTACCACTTTGGACACGAGCGGGAAGAATCTGACGGAGCAGAACAGCTACAGCAACATTCCTCACGAAGGGAAGCACACGCCGCTGTATGAGCGGTCCTTGCCCATCAACCCGGCCCAGAGCGGCAGCCCCAACCACGTGGATTCCGCCTACTTCCCTGGCTCTTCTACATCGTCATCTTCCGACAACGACGAGGGC
FAM120A2P_59,CTCTCA,TCATCC,4,CAGATGCTCAACATTCCGCAGACCTCTCTGCAAGCAAAGCCCGTGGCCCCACAGGTGCCCAGCCCAGGGGGCGCCCCGGGCCAGGGTCCATACCCGTACAGCCTCTCTGAGCCAGCACTCATCCCTTTGGACACGAGCGGGAAGAATCTGACGGAGCAGAACAGCTACAGCAACATTCCTCACGAAGGGAAGCACACGCCGCTGTATGAGCGGTCCTTGCCCATCAACCCGGCCCAGAGCGGCAGCCCCAACCACGTGGATTCCGCCTACTTCCCTGGCTCTTCTACATCGTCATCTTCCGACAACGACGAGGGC
FAM120A2P_60,CTCACT,TCACTC,6,CAGATGCTCAACATTCCGCAGACCTCTCTGCAAGCAAAGCCCGTGGCCCCACAGGTGCCCAGCCCAGGGGGCGCCCCGGGCCAGGGTCCATACCCGTACAGCCTCTCTGAGCCAGCACCTTCACTCTTGGACACGAGCGGGAAGAATCTGACGGAGCAGAACAGCTACAGCAACATTCCTCACGAAGGGAAGCACACGCCGCTGTATGAGCGGTCCTTGCCCATCAACCCGGCCCAGAGCGGCAGCCCCAACCACGTGGATTCCGCCTACTTCCCTGGCTCTTCTACATCGTCATCTTCCGACAACGACGAGGGC
FAM120A2P_61,CACTTT,CATTTC,2,CAGATGCTCAACATTCCGCAGACCTCTCTGCAAGCAAAGCCCGTGGCCCCACAGGTGCCCAGCCCAGGGGGCGCCCCGGGCCAGGGTCCATACCCGTACAGCCTCTCTGAGCCAGCACCTCTCATTTCGGACACGAGCGGGAAGAATCTGACGGAGCAGAACAGCTACAGCAACATTCCTCACGAAGGGAAGCACACGCCGCTGTATGAGCGGTCCTTGCCCATCAACCCGGCCCAGAGCGGCAGCCCCAACCACGTGGATTCCGCCTACTTCCCTGGCTCTTCTACATCGTCATCTTCCGACAACGACGAGGGC
FAM120A2P_62,CTTTGG,TGTGCT,5,CAGATGCTCAACATTCCGCAGACCTCTCTGCAAGCAAAGCCCGTGGCCCCACAGGTGCCCAGCCCAGGGGGCGCCCCGGGCCAGGGTCCATACCCGTACAGCCTCTCTGAGCCAGCACCTCTCATGTGCTACACGAGCGGGAAGAATCTGACGGAGCAGAACAGCTACAGCAACATTCCTCACGAAGGGAAGCACACGCCGCTGTATGAGCGGTCCTTGCCCATCAACCCGGCCCAGAGCGGCAGCCCCAACCACGTGGATTCCGCCTACTTCCCTGGCTCTTCTACATCGTCATCTTCCGACAACGACGAGGGC
FAM120A2P_63,TTGGAC,TTGACG,3,CAGATGCTCAACATTCCGCAGACCTCTCTGCAAGCAAAGCCCGTGGCCCCACAGGTGCCCAGCCCAGGGGGCGCCCCGGGCCAGGGTCCATACCCGTACAGCCTCTCTGAGCCAGCACCTCTCACTTTGACGACGAGCGGGAAGAATCTGACGGAGCAGAACAGCTACAGCAACATTCCTCACGAAGGGAAGCACACGCCGCTGTATGAGCGGTCCTTGCCCATCAACCCGGCCCAGAGCGGCAGCCCCAACCACGTGGATTCCGCCTACTTCCCTGGCTCTTCTACATCGTCATCTTCCGACAACGACGAGGGC
FAM120A2P_64,GGACAC,GCGACA,5,CAGATGCTCAACATTCCGCAGACCTCTCTGCAAGCAAAGCCCGTGGCCCCACAGGTGCCCAGCCCAGGGGGCGCCCCGGGCCAGGGTCCATACCCGTACAGCCTCTCTGAGCCAGCACCTCTCACTTTGCGACAGAGCGGGAAGAATCTGACGGAGCAGAACAGCTACAGCAACATTCCTCACGAAGGGAAGCACACGCCGCTGTATGAGCGGTCCTTGCCCATCAACCCGGCCCAGAGCGGCAGCCCCAACCACGTGGATTCCGCCTACTTCCCTGGCTCTTCTACATCGTCATCTTCCGACAACGACGAGGGC
FAM120A2P_65,ACACGA,AAGCCA,3,CAGATGCTCAACATTCCGCAGACCTCTCTGCAAGCAAAGCCCGTGGCCCCACAGGTGCCCAGCCCAGGGGGCGCCCCGGGCCAGGGTCCATACCCGTACAGCCTCTCTGAGCCAGCACCTCTCACTTTGGAAGCCAGCGGGAAGAATCTGACGGAGCAGAACAGCTACAGCAACATTCCTCACGAAGGGAAGCACACGCCGCTGTATGAGCGGTCCTTGCCCATCAACCCGGCCCAGAGCGGCAGCCCCAACCACGTGGATTCCGCCTACTTCCCTGGCTCTTCTACATCGTCATCTTCCGACAACGACGAGGGC
FAM120A2P_66,ACGAGC,CGCAGA,4,CAGATGCTCAACATTCCGCAGACCTCTCTGCAAGCAAAGCCCGTGGCCCCACAGGTGCCCAGCCCAGGGGGCGCCCCGGGCCAGGGTCCATACCCGTACAGCCTCTCTGAGCCAGCACCTCTCACTTTGGACCGCAGAGGGAAGAATCTGACGGAGCAGAACAGCTACAGCAACATTCCTCACGAAGGGAAGCACACGCCGCTGTATGAGCGGTCCTTGCCCATCAACCCGGCCCAGAGCGGCAGCCCCAACCACGTGGATTCCGCCTACTTCCCTGGCTCTTCTACATCGTCATCTTCCGACAACGACGAGGGC
FAM120A2P_67,GAGCGG,GGGCGA,2,CAGATGCTCAACATTCCGCAGACCTCTCTGCAAGCAAAGCCCGTGGCCCCACAGGTGCCCAGCCCAGGGGGCGCCCCGGGCCAGGGTCCATACCCGTACAGCCTCTCTGAGCCAGCACCTCTCACTTTGGACACGGGCGAGAAGAATCTGACGGAGCAGAACAGCTACAGCAACATTCCTCACGAAGGGAAGCACACGCCGCTGTATGAGCGGTCCTTGCCCATCAACCCGGCCCAGAGCGGCAGCCCCAACCACGTGGATTCCGCCTACTTCCCTGGCTCTTCTACATCGTCATCTTCCGACAACGACGAGGGC
FAM120A2P_68,GCGGGA,GGACGG,4,CAGATGCTCAACATTCCGCAGACCTCTCTGCAAGCAAAGCCCGTGGCCCCACAGGTGCCCAGCCCAGGGGGCGCCCCGGGCCAGGGTCCATACCCGTACAGCCTCTCTGAGCCAGCACCTCTCACTTTGGACACGAGGACGGAGAATCTGACGGAGCAGAACAGCTACAGCAACATTCCTCACGAAGGGAAGCACACGCCGCTGTATGAGCGGTCCTTGCCCATCAACCCGGCCCAGAGCGGCAGCCCCAACCACGTGGATTCCGCCTACTTCCCTGGCTCTTCTACATCGTCATCTTCCGACAACGACGAGGGC
FAM120A2P_69,GGGAAG,GGAAGG,2,CAGATGCTCAACATTCCGCAGACCTCTCTGCAAGCAAAGCCCGTGGCCCCACAGGTGCCCAGCCCAGGGGGCGCCCCGGGCCAGGGTCCATACCCGTACAGCCTCTCTGAGCCAGCACCTCTCACTTTGGACACGAGCGGAAGGAATCTGACGGAGCAGAACAGCTACAGCAACATTCCTCACGAAGGGAAGCACACGCCGCTGTATGAGCGGTCCTTGCCCATCAACCCGGCCCAGAGCGGCAGCCCCAACCACGTGGATTCCGCCTACTTCCCTGGCTCTTCTACATCGTCATCTTCCGACAACGACGAGGGC
FAM120A2P_70,GAAGAA,AAGAGA,4,CAGATGCTCAACATTCCGCAGACCTCTCTGCAAGCAAAGCCCGTGGCCCCACAGGTGCCCAGCCCAGGGGGCGCCCCGGGCCAGGGTCCATACCCGTACAGCCTCTCTGAGCCAGCACCTCTCACTTTGGACACGAGCGGAAGAGATCTGACGGAGCAGAACAGCTACAGCAACATTCCTCACGAAGGGAAGCACACGCCGCTGTATGAGCGGTCCTTGCCCATCAACCCGGCCCAGAGCGGCAGCCCCAACCACGTGGATTCCGCCTACTTCCCTGGCTCTTCTACATCGTCATCTTCCGACAACGACGAGGGC
FAM120A2P_71,AGAATC,GCAAAT,4,CAGATGCTCAACATTCCGCAGACCTCTCTGCAAGCAAAGCCCGTGGCCCCACAGGTGCCCAGCCCAGGGGGCGCCCCGGGCCAGGGTCCATACCCGTACAGCCTCTCTGAGCCAGCACCTCTCACTTTGGACACGAGCGGGAGCAAATTGACGGAGCAGAACAGCTACAGCAACATTCCTCACGAAGGGAAGCACACGCCGCTGTATGAGCGGTCCTTGCCCATCAACCCGGCCCAGAGCGGCAGCCCCAACCACGTGGATTCCGCCTACTTCCCTGGCTCTTCTACATCGTCATCTTCCGACAACGACGAGGGC
FAM120A2P_72,AATCTG,ATTACG,3,CAGATGCTCAACATTCCGCAGACCTCTCTGCAAGCAAAGCCCGTGGCCCCACAGGTGCCCAGCCCAGGGGGCGCCCCGGGCCAGGGTCCATACCCGTACAGCCTCTCTGAGCCAGCACCTCTCACTTTGGACACGAGCGGGAAGATTACGACGGAGCAGAACAGCTACAGCAACATTCCTCACGAAGGGAAGCACACGCCGCTGTATGAGCGGTCCTTGCCCATCAACCCGGCCCAGAGCGGCAGCCCCAACCACGTGGATTCCGCCTACTTCCCTGGCTCTTCTACATCGTCATCTTCCGACAACGACGAGGGC
FAM120A2P_73,TCTGAC,GACTTC,5,CAGATGCTCAACATTCCGCAGACCTCTCTGCAAGCAAAGCCCGTGGCCCCACAGGTGCCCAGCCCAGGGGGCGCCCCGGGCCAGGGTCCATACCCGTACAGCCTCTCTGAGCCAGCACCTCTCACTTTGGACACGAGCGGGAAGAAGACTTCGGAGCAGAACAGCTACAGCAACATTCCTCACGAAGGGAAGCACACGCCGCTGTATGAGCGGTCCTTGCCCATCAACCCGGCCCAGAGCGGCAGCCCCAACCACGTGGATTCCGCCTACTTCCCTGGCTCTTCTACATCGTCATCTTCCGACAACGACGAGGGC
FAM120A2P_74,TGACGG,GGGACT,5,CAGATGCTCAACATTCCGCAGACCTCTCTGCAAGCAAAGCCCGTGGCCCCACAGGTGCCCAGCCCAGGGGGCGCCCCGGGCCAGGGTCCATACCCGTACAGCCTCTCTGAGCCAGCACCTCTCACTTTGGACACGAGCGGGAAGAATCGGGACTAGCAGAACAGCTACAGCAACATTCCTCACGAAGGGAAGCACACGCCGCTGTATGAGCGGTCCTTGCCCATCAACCCGGCCCAGAGCGGCAGCCCCAACCACGTGGATTCCGCCTACTTCCCTGGCTCTTCTACATCGTCATCTTCCGACAACGACGAGGGC
FAM120A2P_75,ACGGAG,AGGGCA,3,CAGATGCTCAACATTCCGCAGACCTCTCTGCAAGCAAAGCCCGTGGCCCCACAGGTGCCCAGCCCAGGGGGCGCCCCGGGCCAGGGTCCATACCCGTACAGCCTCTCTGAGCCAGCACCTCTCACTTTGGACACGAGCGGGAAGAATCTGAGGGCACAGAACAGCTACAGCAACATTCCTCACGAAGGGAAGCACACGCCGCTGTATGAGCGGTCCTTGCCCATCAACCCGGCCCAGAGCGGCAGCCCCAACCACGTGGATTCCGCCTACTTCCCTGGCTCTTCTACATCGTCATCTTCCGACAACGACGAGGGC
FAM120A2P_76,GGAGCA,AAGGGC,5,CAGATGCTCAACATTCCGCAGACCTCTCTGCAAGCAAAGCCCGTGGCCCCACAGGTGCCCAGCCCAGGGGGCGCCCCGGGCCAGGGTCCATACCCGTACAGCCTCTCTGAGCCAGCACCTCTCACTTTGGACACGAGCGGGAAGAATCTGACAAGGGCGAACAGCTACAGCAACATTCCTCACGAAGGGAAGCACACGCCGCTGTATGAGCGGTCCTTGCCCATCAACCCGGCCCAGAGCGGCAGCCCCAACCACGTGGATTCCGCCTACTTCCCTGGCTCTTCTACATCGTCATCTTCCGACAACGACGAGGGC
FAM120A2P_77,AGCAGA,ACGAAG,4,CAGATGCTCAACATTCCGCAGACCTCTCTGCAAGCAAAGCCCGTGGCCCCACAGGTGCCCAGCCCAGGGGGCGCCCCGGGCCAGGGTCCATACCCGTACAGCCTCTCTGAGCCAGCACCTCTCACTTTGGACACGAGCGGGAAGAATCTGACGGACGAAGACAGCTACAGCAACATTCCTCACGAAGGGAAGCACACGCCGCTGTATGAGCGGTCCTTGCCCATCAACCCGGCCCAGAGCGGCAGCCCCAACCACGTGGATTCCGCCTACTTCCCTGGCTCTTCTACATCGTCATCTTCCGACAACGACGAGGGC
FAM120A2P_78,CAGAAC,CACAGA,3,CAGATGCTCAACATTCCGCAGACCTCTCTGCAAGCAAAGCCCGTGGCCCCACAGGTGCCCAGCCCAGGGGGCGCCCCGGGCCAGGGTCCATACCCGTACAGCCTCTCTGAGCCAGCACCTCTCACTTTGGACACGAGCGGGAAGAATCTGACGGAGCACAGAAGCTACAGCAACATTCCTCACGAAGGGAAGCACACGCCGCTGTATGAGCGGTCCTTGCCCATCAACCCGGCCCAGAGCGGCAGCCCCAACCACGTGGATTCCGCCTACTTCCCTGGCTCTTCTACATCGTCATCTTCCGACAACGACGAGGGC
FAM120A2P_79,GAACAG,GGCAAA,4,CAGATGCTCAACATTCCGCAGACCTCTCTGCAAGCAAAGCCCGTGGCCCCACAGGTGCCCAGCCCAGGGGGCGCCCCGGGCCAGGGTCCATACCCGTACAGCCTCTCTGAGCCAGCACCTCTCACTTTGGACACGAGCGGGAAGAATCTGACGGAGCAGGCAAACTACAGCAACATTCCTCACGAAGGGAAGCACACGCCGCTGTATGAGCGGTCCTTGCCCATCAACCCGGCCCAGAGCGGCAGCCCCAACCACGTGGATTCCGCCTACTTCCCTGGCTCTTCTACATCGTCATCTTCCGACAACGACGAGGGC
FAM120A2P_80,ACAGCT,CGCTAA,6,CAGATGCTCAACATTCCGCAGACCTCTCTGCAAGCAAAGCCCGTGGCCCCACAGGTGCCCAGCCCAGGGGGCGCCCCGGGCCAGGGTCCATACCCGTACAGCCTCTCTGAGCCAGCACCTCTCACTTTGGACACGAGCGGGAAGAATCTGACGGAGCAGACGCTAAACAGCAACATTCCTCACGAAGGGAAGCACACGCCGCTGTATGAGCGGTCCTTGCCCATCAACCCGGCCCAGAGCGGCAGCCCCAACCACGTGGATTCCGCCTACTTCCCTGGCTCTTCTACATCGTCATCTTCCGACAACGACGAGGGC
FAM120A2P_81,AGCTAC,AACCGT,4,CAGATGCTCAACATTCCGCAGACCTCTCTGCAAGCAAAGCCCGTGGCCCCACAGGTGCCCAGCCCAGGGGGCGCCCCGGGCCAGGGTCCATACCCGTACAGCCTCTCTGAGCCAGCACCTCTCACTTTGGACACGAGCGGGAAGAATCTGACGGAGCAGAACAACCGTAGCAACATTCCTCACGAAGGGAAGCACACGCCGCTGTATGAGCGGTCCTTGCCCATCAACCCGGCCCAGAGCGGCAGCCCCAACCACGTGGATTCCGCCTACTTCCCTGGCTCTTCTACATCGTCATCTTCCGACAACGACGAGGGC
FAM120A2P_82,CTACAG,AGTACC,6,CAGATGCTCAACATTCCGCAGACCTCTCTGCAAGCAAAGCCCGTGGCCCCACAGGTGCCCAGCCCAGGGGGCGCCCCGGGCCAGGGTCCATACCCGTACAGCCTCTCTGAGCCAGCACCTCTCACTTTGGACACGAGCGGGAAGAATCTGACGGAGCAGAACAGAGTACCCAACATTCCTCACGAAGGGAAGCACACGCCGCTGTATGAGCGGTCCTTGCCCATCAACCCGGCCCAGAGCGGCAGCCCCAACCACGTGGATTCCGCCTACTTCCCTGGCTCTTCTACATCGTCATCTTCCGACAACGACGAGGGC
FAM120A2P_83,ACAGCA,GCCAAA,4,CAGATGCTCAACATTCCGCAGACCTCTCTGCAAGCAAAGCCCGTGGCCCCACAGGTGCCCAGCCCAGGGGGCGCCCCGGGCCAGGGTCCATACCCGTACAGCCTCTCTGAGCCAGCACCTCTCACTTTGGACACGAGCGGGAAGAATCTGACGGAGCAGAACAGCTGCCAAAACATTCCTCACGAAGGGAAGCACACGCCGCTGTATGAGCGGTCCTTGCCCATCAACCCGGCCCAGAGCGGCAGCCCCAACCACGTGGATTCCGCCTACTTCCCTGGCTCTTCTACATCGTCATCTTCCGACAACGACGAGGGC
FAM120A2P_84,AGCAAC,CCAAAG,4,CAGATGCTCAACATTCCGCAGACCTCTCTGCAAGCAAAGCCCGTGGCCCCACAGGTGCCCAGCCCAGGGGGCGCCCCGGGCCAGGGTCCATACCCGTACAGCCTCTCTGAGCCAGCACCTCTCACTTTGGACACGAGCGGGAAGAATCTGACGGAGCAGAACAGCTACCCAAAGATTCCTCACGAAGGGAAGCACACGCCGCTGTATGAGCGGTCCTTGCCCATCAACCCGGCCCAGAGCGGCAGCCCCAACCACGTGGATTCCGCCTACTTCCCTGGCTCTTCTACATCGTCATCTTCCGACAACGACGAGGGC
FAM120A2P_85,CAACAT,TAAACC,4,CAGATGCTCAACATTCCGCAGACCTCTCTGCAAGCAAAGCCCGTGGCCCCACAGGTGCCCAGCCCAGGGGGCGCCCCGGGCCAGGGTCCATACCCGTACAGCCTCTCTGAGCCAGCACCTCTCACTTTGGACACGAGCGGGAAGAATCTGACGGAGCAGAACAGCTACAGTAAACCTCCTCACGAAGGGAAGCACACGCCGCTGTATGAGCGGTCCTTGCCCATCAACCCGGCCCAGAGCGGCAGCCCCAACCACGTGGATTCCGCCTACTTCCCTGGCTCTTCTACATCGTCATCTTCCGACAACGACGAGGGC
FAM120A2P_86,ACATTC,CATACT,6,CAGATGCTCAACATTCCGCAGACCTCTCTGCAAGCAAAGCCCGTGGCCCCACAGGTGCCCAGCCCAGGGGGCGCCCCGGGCCAGGGTCCATACCCGTACAGCCTCTCTGAGCCAGCACCTCTCACTTTGGACACGAGCGGGAAGAATCTGACGGAGCAGAACAGCTACAGCACATACTCTCACGAAGGGAAGCACACGCCGCTGTATGAGCGGTCCTTGCCCATCAACCCGGCCCAGAGCGGCAGCCCCAACCACGTGGATTCCGCCTACTTCCCTGGCTCTTCTACATCGTCATCTTCCGACAACGACGAGGGC
FAM120A2P_87,ATTCCT,TCTCAT,3,CAGATGCTCAACATTCCGCAGACCTCTCTGCAAGCAAAGCCCGTGGCCCCACAGGTGCCCAGCCCAGGGGGCGCCCCGGGCCAGGGTCCATACCCGTACAGCCTCTCTGAGCCAGCACCTCTCACTTTGGACACGAGCGGGAAGAATCTGACGGAGCAGAACAGCTACAGCAACTCTCATCACGAAGGGAAGCACACGCCGCTGTATGAGCGGTCCTTGCCCATCAACCCGGCCCAGAGCGGCAGCCCCAACCACGTGGATTCCGCCTACTTCCCTGGCTCTTCTACATCGTCATCTTCCGACAACGACGAGGGC
FAM120A2P_88,TCCTCA,CACTCT,3,CAGATGCTCAACATTCCGCAGACCTCTCTGCAAGCAAAGCCCGTGGCCCCACAGGTGCCCAGCCCAGGGGGCGCCCCGGGCCAGGGTCCATACCCGTACAGCCTCTCTGAGCCAGCACCTCTCACTTTGGACACGAGCGGGAAGAATCTGACGGAGCAGAACAGCTACAGCAACATCACTCTCGAAGGGAAGCACACGCCGCTGTATGAGCGGTCCTTGCCCATCAACCCGGCCCAGAGCGGCAGCCCCAACCACGTGGATTCCGCCTACTTCCCTGGCTCTTCTACATCGTCATCTTCCGACAACGACGAGGGC
FAM120A2P_89,CTCACG,CCATGC,5,CAGATGCTCAACATTCCGCAGACCTCTCTGCAAGCAAAGCCCGTGGCCCCACAGGTGCCCAGCCCAGGGGGCGCCCCGGGCCAGGGTCCATACCCGTACAGCCTCTCTGAGCCAGCACCTCTCACTTTGGACACGAGCGGGAAGAATCTGACGGAGCAGAACAGCTACAGCAACATTCCCATGCAAGGGAAGCACACGCCGCTGTATGAGCGGTCCTTGCCCATCAACCCGGCCCAGAGCGGCAGCCCCAACCACGTGGATTCCGCCTACTTCCCTGGCTCTTCTACATCGTCATCTTCCGACAACGACGAGGGC
FAM120A2P_90,CACGAA,CGAACA,4,CAGATGCTCAACATTCCGCAGACCTCTCTGCAAGCAAAGCCCGTGGCCCCACAGGTGCCCAGCCCAGGGGGCGCCCCGGGCCAGGGTCCATACCCGTACAGCCTCTCTGAGCCAGCACCTCTCACTTTGGACACGAGCGGGAAGAATCTGACGGAGCAGAACAGCTACAGCAACATTCCTCGAACAGGGAAGCACACGCCGCTGTATGAGCGGTCCTTGCCCATCAACCCGGCCCAGAGCGGCAGCCCCAACCACGTGGATTCCGCCTACTTCCCTGGCTCTTCTACATCGTCATCTTCCGACAACGACGAGGGC
FAM120A2P_91,CGAAGG,AGGGCA,5,CAGATGCTCAACATTCCGCAGACCTCTCTGCAAGCAAAGCCCGTGGCCCCACAGGTGCCCAGCCCAGGGGGCGCCCCGGGCCAGGGTCCATACCCGTACAGCCTCTCTGAGCCAGCACCTCTCACTTTGGACACGAGCGGGAAGAATCTGACGGAGCAGAACAGCTACAGCAACATTCCTCAAGGGCAGAAGCACACGCCGCTGTATGAGCGGTCCTTGCCCATCAACCCGGCCCAGAGCGGCAGCCCCAACCACGTGGATTCCGCCTACTTCCCTGGCTCTTCTACATCGTCATCTTCCGACAACGACGAGGGC
FAM120A2P_92,AAGGGA,GAGAGA,2,CAGATGCTCAACATTCCGCAGACCTCTCTGCAAGCAAAGCCCGTGGCCCCACAGGTGCCCAGCCCAGGGGGCGCCCCGGGCCAGGGTCCATACCCGTACAGCCTCTCTGAGCCAGCACCTCTCACTTTGGACACGAGCGGGAAGAATCTGACGGAGCAGAACAGCTACAGCAACATTCCTCACGGAGAGAAGCACACGCCGCTGTATGAGCGGTCCTTGCCCATCAACCCGGCCCAGAGCGGCAGCCCCAACCACGTGGATTCCGCCTACTTCCCTGGCTCTTCTACATCGTCATCTTCCGACAACGACGAGGGC
FAM120A2P_93,GGGAAG,GAAGGG,4,CAGATGCTCAACATTCCGCAGACCTCTCTGCAAGCAAAGCCCGTGGCCCCACAGGTGCCCAGCCCAGGGGGCGCCCCGGGCCAGGGTCCATACCCGTACAGCCTCTCTGAGCCAGCACCTCTCACTTTGGACACGAGCGGGAAGAATCTGACGGAGCAGAACAGCTACAGCAACATTCCTCACGAAGAAGGGCACACGCCGCTGTATGAGCGGTCCTTGCCCATCAACCCGGCCCAGAGCGGCAGCCCCAACCACGTGGATTCCGCCTACTTCCCTGGCTCTTCTACATCGTCATCTTCCGACAACGACGAGGGC
FAM120A2P_94,GAAGCA,ACGGAA,4,CAGATGCTCAACATTCCGCAGACCTCTCTGCAAGCAAAGCCCGTGGCCCCACAGGTGCCCAGCCCAGGGGGCGCCCCGGGCCAGGGTCCATACCCGTACAGCCTCTCTGAGCCAGCACCTCTCACTTTGGACACGAGCGGGAAGAATCTGACGGAGCAGAACAGCTACAGCAACATTCCTCACGAAGGACGGAACACGCCGCTGTATGAGCGGTCCTTGCCCATCAACCCGGCCCAGAGCGGCAGCCCCAACCACGTGGATTCCGCCTACTTCCCTGGCTCTTCTACATCGTCATCTTCCGACAACGACGAGGGC
FAM120A2P_95,AGCACA,CAGCAA,5,CAGATGCTCAACATTCCGCAGACCTCTCTGCAAGCAAAGCCCGTGGCCCCACAGGTGCCCAGCCCAGGGGGCGCCCCGGGCCAGGGTCCATACCCGTACAGCCTCTCTGAGCCAGCACCTCTCACTTTGGACACGAGCGGGAAGAATCTGACGGAGCAGAACAGCTACAGCAACATTCCTCACGAAGGGACAGCAACGCCGCTGTATGAGCGGTCCTTGCCCATCAACCCGGCCCAGAGCGGCAGCCCCAACCACGTGGATTCCGCCTACTTCCCTGGCTCTTCTACATCGTCATCTTCCGACAACGACGAGGGC
FAM120A2P_96,CACACG,CGCAAC,3,CAGATGCTCAACATTCCGCAGACCTCTCTGCAAGCAAAGCCCGTGGCCCCACAGGTGCCCAGCCCAGGGGGCGCCCCGGGCCAGGGTCCATACCCGTACAGCCTCTCTGAGCCAGCACCTCTCACTTTGGACACGAGCGGGAAGAATCTGACGGAGCAGAACAGCTACAGCAACATTCCTCACGAAGGGAAGCGCAACCCGCTGTATGAGCGGTCCTTGCCCATCAACCCGGCCCAGAGCGGCAGCCCCAACCACGTGGATTCCGCCTACTTCCCTGGCTCTTCTACATCGTCATCTTCCGACAACGACGAGGGC
FAM120A2P_97,CACGCC,CAGCCC,2,CAGATGCTCAACATTCCGCAGACCTCTCTGCAAGCAAAGCCCGTGGCCCCACAGGTGCCCAGCCCAGGGGGCGCCCCGGGCCAGGGTCCATACCCGTACAGCCTCTCTGAGCCAGCACCTCTCACTTTGGACACGAGCGGGAAGAATCTGACGGAGCAGAACAGCTACAGCAACATTCCTCACGAAGGGAAGCACAGCCCGCTGTATGAGCGGTCCTTGCCCATCAACCCGGCCCAGAGCGGCAGCCCCAACCACGTGGATTCCGCCTACTTCCCTGGCTCTTCTACATCGTCATCTTCCGACAACGACGAGGGC
FAM120A2P_98,CGCCGC,CCCCGG,2,CAGATGCTCAACATTCCGCAGACCTCTCTGCAAGCAAAGCCCGTGGCCCCACAGGTGCCCAGCCCAGGGGGCGCCCCGGGCCAGGGTCCATACCCGTACAGCCTCTCTGAGCCAGCACCTCTCACTTTGGACACGAGCGGGAAGAATCTGACGGAGCAGAACAGCTACAGCAACATTCCTCACGAAGGGAAGCACACCCCGGTGTATGAGCGGTCCTTGCCCATCAACCCGGCCCAGAGCGGCAGCCCCAACCACGTGGATTCCGCCTACTTCCCTGGCTCTTCTACATCGTCATCTTCCGACAACGACGAGGGC
FAM120A2P_99,CCGCTG,GTCCCG,4,CAGATGCTCAACATTCCGCAGACCTCTCTGCAAGCAAAGCCCGTGGCCCCACAGGTGCCCAGCCCAGGGGGCGCCCCGGGCCAGGGTCCATACCCGTACAGCCTCTCTGAGCCAGCACCTCTCACTTTGGACACGAGCGGGAAGAATCTGACGGAGCAGAACAGCTACAGCAACATTCCTCACGAAGGGAAGCACACGGTCCCGTATGAGCGGTCCTTGCCCATCAACCCGGCCCAGAGCGGCAGCCCCAACCACGTGGATTCCGCCTACTTCCCTGGCTCTTCTACATCGTCATCTTCCGACAACGACGAGGGC
FAM120A2P_100,GCTGTA,TACGGT,5,CAGATGCTCAACATTCCGCAGACCTCTCTGCAAGCAAAGCCCGTGGCCCCACAGGTGCCCAGCCCAGGGGGCGCCCCGGGCCAGGGTCCATACCCGTACAGCCTCTCTGAGCCAGCACCTCTCACTTTGGACACGAGCGGGAAGAATCTGACGGAGCAGAACAGCTACAGCAACATTCCTCACGAAGGGAAGCACACGCCTACGGTTGAGCGGTCCTTGCCCATCAACCCGGCCCAGAGCGGCAGCCCCAACCACGTGGATTCCGCCTACTTCCCTGGCTCTTCTACATCGTCATCTTCCGACAACGACGAGGGC
FAM120A2P_101,TGTATG,AGTTTG,2,CAGATGCTCAACATTCCGCAGACCTCTCTGCAAGCAAAGCCCGTGGCCCCACAGGTGCCCAGCCCAGGGGGCGCCCCGGGCCAGGGTCCATACCCGTACAGCCTCTCTGAGCCAGCACCTCTCACTTTGGACACGAGCGGGAAGAATCTGACGGAGCAGAACAGCTACAGCAACATTCCTCACGAAGGGAAGCACACGCCGCAGTTTGAGCGGTCCTTGCCCATCAACCCGGCCCAGAGCGGCAGCCCCAACCACGTGGATTCCGCCTACTTCCCTGGCTCTTCTACATCGTCATCTTCCGACAACGACGAGGGC
FAM120A2P_102,TATGAG,ATTGGA,4,CAGATGCTCAACATTCCGCAGACCTCTCTGCAAGCAAAGCCCGTGGCCCCACAGGTGCCCAGCCCAGGGGGCGCCCCGGGCCAGGGTCCATACCCGTACAGCCTCTCTGAGCCAGCACCTCTCACTTTGGACACGAGCGGGAAGAATCTGACGGAGCAGAACAGCTACAGCAACATTCCTCACGAAGGGAAGCACACGCCGCTGATTGGACGGTCCTTGCCCATCAACCCGGCCCAGAGCGGCAGCCCCAACCACGTGGATTCCGCCTACTTCCCTGGCTCTTCTACATCGTCATCTTCCGACAACGACGAGGGC
FAM120A2P_103,TGAGCG,GTACGG,4,CAGATGCTCAACATTCCGCAGACCTCTCTGCAAGCAAAGCCCGTGGCCCCACAGGTGCCCAGCCCAGGGGGCGCCCCGGGCCAGGGTCCATACCCGTACAGCCTCTCTGAGCCAGCACCTCTCACTTTGGACACGAGCGGGAAGAATCTGACGGAGCAGAACAGCTACAGCAACATTCCTCACGAAGGGAAGCACACGCCGCTGTAGTACGGGTCCTTGCCCATCAACCCGGCCCAGAGCGGCAGCCCCAACCACGTGGATTCCGCCTACTTCCCTGGCTCTTCTACATCGTCATCTTCCGACAACGACGAGGGC
FAM120A2P_104,AGCGGT,GGCGAT,2,CAGATGCTCAACATTCCGCAGACCTCTCTGCAAGCAAAGCCCGTGGCCCCACAGGTGCCCAGCCCAGGGGGCGCCCCGGGCCAGGGTCCATACCCGTACAGCCTCTCTGAGCCAGCACCTCTCACTTTGGACACGAGCGGGAAGAATCTGACGGAGCAGAACAGCTACAGCAACATTCCTCACGAAGGGAAGCACACGCCGCTGTATGGGCGATCCTTGCCCATCAACCCGGCCCAGAGCGGCAGCCCCAACCACGTGGATTCCGCCTACTTCCCTGGCTCTTCTACATCGTCATCTTCCGACAACGACGAGGGC
FAM120A2P_105,CGGTCC,CTCGCG,4,CAGATGCTCAACATTCCGCAGACCTCTCTGCAAGCAAAGCCCGTGGCCCCACAGGTGCCCAGCCCAGGGGGCGCCCCGGGCCAGGGTCCATACCCGTACAGCCTCTCTGAGCCAGCACCTCTCACTTTGGACACGAGCGGGAAGAATCTGACGGAGCAGAACAGCTACAGCAACATTCCTCACGAAGGGAAGCACACGCCGCTGTATGAGCTCGCGTTGCCCATCAACCCGGCCCAGAGCGGCAGCCCCAACCACGTGGATTCCGCCTACTTCCCTGGCTCTTCTACATCGTCATCTTCCGACAACGACGAGGGC
FAM120A2P_106,GTCCTT,CGTTTC,5,CAGATGCTCAACATTCCGCAGACCTCTCTGCAAGCAAAGCCCGTGGCCCCACAGGTGCCCAGCCCAGGGGGCGCCCCGGGCCAGGGTCCATACCCGTACAGCCTCTCTGAGCCAGCACCTCTCACTTTGGACACGAGCGGGAAGAATCTGACGGAGCAGAACAGCTACAGCAACATTCCTCACGAAGGGAAGCACACGCCGCTGTATGAGCGCGTTTCGCCCATCAACCCGGCCCAGAGCGGCAGCCCCAACCACGTGGATTCCGCCTACTTCCCTGGCTCTTCTACATCGTCATCTTCCGACAACGACGAGGGC
FAM120A2P_107,CCTTGC,CCGTTC,2,CAGATGCTCAACATTCCGCAGACCTCTCTGCAAGCAAAGCCCGTGGCCCCACAGGTGCCCAGCCCAGGGGGCGCCCCGGGCCAGGGTCCATACCCGTACAGCCTCTCTGAGCCAGCACCTCTCACTTTGGACACGAGCGGGAAGAATCTGACGGAGCAGAACAGCTACAGCAACATTCCTCACGAAGGGAAGCACACGCCGCTGTATGAGCGGTCCGTTCCCATCAACCCGGCCCAGAGCGGCAGCCCCAACCACGTGGATTCCGCCTACTTCCCTGGCTCTTCTACATCGTCATCTTCCGACAACGACGAGGGC
FAM120A2P_108,TTGCCC,TCCTCG,4,CAGATGCTCAACATTCCGCAGACCTCTCTGCAAGCAAAGCCCGTGGCCCCACAGGTGCCCAGCCCAGGGGGCGCCCCGGGCCAGGGTCCATACCCGTACAGCCTCTCTGAGCCAGCACCTCTCACTTTGGACACGAGCGGGAAGAATCTGACGGAGCAGAACAGCTACAGCAACATTCCTCACGAAGGGAAGCACACGCCGCTGTATGAGCGGTCCTCCTCGATCAACCCGGCCCAGAGCGGCAGCCCCAACCACGTGGATTCCGCCTACTTCCCTGGCTCTTCTACATCGTCATCTTCCGACAACGACGAGGGC
FAM120A2P_109,GCCCAT,CATGCC,6,CAGATGCTCAACATTCCGCAGACCTCTCTGCAAGCAAAGCCCGTGGCCCCACAGGTGCCCAGCCCAGGGGGCGCCCCGGGCCAGGGTCCATACCCGTACAGCCTCTCTGAGCCAGCACCTCTCACTTTGGACACGAGCGGGAAGAATCTGACGGAGCAGAACAGCTACAGCAACATTCCTCACGAAGGGAAGCACACGCCGCTGTATGAGCGGTCCTTCATGCCCAACCCGGCCCAGAGCGGCAGCCCCAACCACGTGGATTCCGCCTACTTCCCTGGCTCTTCTACATCGTCATCTTCCGACAACGACGAGGGC
FAM120A2P_110,CCATCA,CAATCC,2,CAGATGCTCAACATTCCGCAGACCTCTCTGCAAGCAAAGCCCGTGGCCCCACAGGTGCCCAGCCCAGGGGGCGCCCCGGGCCAGGGTCCATACCCGTACAGCCTCTCTGAGCCAGCACCTCTCACTTTGGACACGAGCGGGAAGAATCTGACGGAGCAGAACAGCTACAGCAACATTCCTCACGAAGGGAAGCACACGCCGCTGTATGAGCGGTCCTTGCCAATCCACCCGGCCCAGAGCGGCAGCCCCAACCACGTGGATTCCGCCTACTTCCCTGGCTCTTCTACATCGTCATCTTCCGACAACGACGAGGGC
FAM120A2P_111,ATCAAC,CCAATA,5,CAGATGCTCAACATTCCGCAGACCTCTCTGCAAGCAAAGCCCGTGGCCCCACAGGTGCCCAGCCCAGGGGGCGCCCCGGGCCAGGGTCCATACCCGTACAGCCTCTCTGAGCCAGCACCTCTCACTTTGGACACGAGCGGGAAGAATCTGACGGAGCAGAACAGCTACAGCAACATTCCTCACGAAGGGAAGCACACGCCGCTGTATGAGCGGTCCTTGCCCCCAATACCGGCCCAGAGCGGCAGCCCCAACCACGTGGATTCCGCCTACTTCCCTGGCTCTTCTACATCGTCATCTTCCGACAACGACGAGGGC
FAM120A2P_112,CAACCC,AACCCC,2,CAGATGCTCAACATTCCGCAGACCTCTCTGCAAGCAAAGCCCGTGGCCCCACAGGTGCCCAGCCCAGGGGGCGCCCCGGGCCAGGGTCCATACCCGTACAGCCTCTCTGAGCCAGCACCTCTCACTTTGGACACGAGCGGGAAGAATCTGACGGAGCAGAACAGCTACAGCAACATTCCTCACGAAGGGAAGCACACGCCGCTGTATGAGCGGTCCTTGCCCATAACCCCGGCCCAGAGCGGCAGCCCCAACCACGTGGATTCCGCCTACTTCCCTGGCTCTTCTACATCGTCATCTTCCGACAACGACGAGGGC
FAM120A2P_113,ACCCGG,GCGCCA,4,CAGATGCTCAACATTCCGCAGACCTCTCTGCAAGCAAAGCCCGTGGCCCCACAGGTGCCCAGCCCAGGGGGCGCCCCGGGCCAGGGTCCATACCCGTACAGCCTCTCTGAGCCAGCACCTCTCACTTTGGACACGAGCGGGAAGAATCTGACGGAGCAGAACAGCTACAGCAACATTCCTCACGAAGGGAAGCACACGCCGCTGTATGAGCGGTCCTTGCCCATCAGCGCCACCCAGAGCGGCAGCCCCAACCACGTGGATTCCGCCTACTTCCCTGGCTCTTCTACATCGTCATCTTCCGACAACGACGAGGGC
FAM120A2P_114,CCGGCC,CCGCGC,2,CAGATGCTCAACATTCCGCAGACCTCTCTGCAAGCAAAGCCCGTGGCCCCACAGGTGCCCAGCCCAGGGGGCGCCCCGGGCCAGGGTCCATACCCGTACAGCCTCTCTGAGCCAGCACCTCTCACTTTGGACACGAGCGGGAAGAATCTGACGGAGCAGAACAGCTACAGCAACATTCCTCACGAAGGGAAGCACACGCCGCTGTATGAGCGGTCCTTGCCCATCAACCCGCGCCAGAGCGGCAGCCCCAACCACGTGGATTCCGCCTACTTCCCTGGCTCTTCTACATCGTCATCTTCCGACAACGACGAGGGC
FAM120A2P_115,GGCCCA,CACGGC,5,CAGATGCTCAACATTCCGCAGACCTCTCTGCAAGCAAAGCCCGTGGCCCCACAGGTGCCCAGCCCAGGGGGCGCCCCGGGCCAGGGTCCATACCCGTACAGCCTCTCTGAGCCAGCACCTCTCACTTTGGACACGAGCGGGAAGAATCTGACGGAGCAGAACAGCTACAGCAACATTCCTCACGAAGGGAAGCACACGCCGCTGTATGAGCGGTCCTTGCCCATCAACCCCACGGCGAGCGGCAGCCCCAACCACGTGGATTCCGCCTACTTCCCTGGCTCTTCTACATCGTCATCTTCCGACAACGACGAGGGC
FAM120A2P_116,CCCAGA,AGCCAC,5,CAGATGCTCAACATTCCGCAGACCTCTCTGCAAGCAAAGCCCGTGGCCCCACAGGTGCCCAGCCCAGGGGGCGCCCCGGGCCAGGGTCCATACCCGTACAGCCTCTCTGAGCCAGCACCTCTCACTTTGGACACGAGCGGGAAGAATCTGACGGAGCAGAACAGCTACAGCAACATTCCTCACGAAGGGAAGCACACGCCGCTGTATGAGCGGTCCTTGCCCATCAACCCGGAGCCACGCGGCAGCCCCAACCACGTGGATTCCGCCTACTTCCCTGGCTCTTCTACATCGTCATCTTCCGACAACGACGAGGGC
FAM120A2P_117,CAGAGC,CACAGG,2,CAGATGCTCAACATTCCGCAGACCTCTCTGCAAGCAAAGCCCGTGGCCCCACAGGTGCCCAGCCCAGGGGGCGCCCCGGGCCAGGGTCCATACCCGTACAGCCTCTCTGAGCCAGCACCTCTCACTTTGGACACGAGCGGGAAGAATCTGACGGAGCAGAACAGCTACAGCAACATTCCTCACGAAGGGAAGCACACGCCGCTGTATGAGCGGTCCTTGCCCATCAACCCGGCCCACAGGGGCAGCCCCAACCACGTGGATTCCGCCTACTTCCCTGGCTCTTCTACATCGTCATCTTCCGACAACGACGAGGGC
FAM120A2P_118,GAGCGG,CGGGGA,4,CAGATGCTCAACATTCCGCAGACCTCTCTGCAAGCAAAGCCCGTGGCCCCACAGGTGCCCAGCCCAGGGGGCGCCCCGGGCCAGGGTCCATACCCGTACAGCCTCTCTGAGCCAGCACCTCTCACTTTGGACACGAGCGGGAAGAATCTGACGGAGCAGAACAGCTACAGCAACATTCCTCACGAAGGGAAGCACACGCCGCTGTATGAGCGGTCCTTGCCCATCAACCCGGCCCACGGGGACAGCCCCAACCACGTGGATTCCGCCTACTTCCCTGGCTCTTCTACATCGTCATCTTCCGACAACGACGAGGGC
FAM120A2P_119,GCGGCA,GCACGG,4,CAGATGCTCAACATTCCGCAGACCTCTCTGCAAGCAAAGCCCGTGGCCCCACAGGTGCCCAGCCCAGGGGGCGCCCCGGGCCAGGGTCCATACCCGTACAGCCTCTCTGAGCCAGCACCTCTCACTTTGGACACGAGCGGGAAGAATCTGACGGAGCAGAACAGCTACAGCAACATTCCTCACGAAGGGAAGCACACGCCGCTGTATGAGCGGTCCTTGCCCATCAACCCGGCCCAGAGCACGGGCCCCAACCACGTGGATTCCGCCTACTTCCCTGGCTCTTCTACATCGTCATCTTCCGACAACGACGAGGGC
FAM120A2P_120,GGCAGC,GCACGG,4,CAGATGCTCAACATTCCGCAGACCTCTCTGCAAGCAAAGCCCGTGGCCCCACAGGTGCCCAGCCCAGGGGGCGCCCCGGGCCAGGGTCCATACCCGTACAGCCTCTCTGAGCCAGCACCTCTCACTTTGGACACGAGCGGGAAGAATCTGACGGAGCAGAACAGCTACAGCAACATTCCTCACGAAGGGAAGCACACGCCGCTGTATGAGCGGTCCTTGCCCATCAACCCGGCCCAGAGCGCACGGCCCAACCACGTGGATTCCGCCTACTTCCCTGGCTCTTCTACATCGTCATCTTCCGACAACGACGAGGGC
FAM120A2P_121,CAGCCC,CCAGCC,3,CAGATGCTCAACATTCCGCAGACCTCTCTGCAAGCAAAGCCCGTGGCCCCACAGGTGCCCAGCCCAGGGGGCGCCCCGGGCCAGGGTCCATACCCGTACAGCCTCTCTGAGCCAGCACCTCTCACTTTGGACACGAGCGGGAAGAATCTGACGGAGCAGAACAGCTACAGCAACATTCCTCACGAAGGGAAGCACACGCCGCTGTATGAGCGGTCCTTGCCCATCAACCCGGCCCAGAGCGGCCAGCCCAACCACGTGGATTCCGCCTACTTCCCTGGCTCTTCTACATCGTCATCTTCCGACAACGACGAGGGC
FAM120A2P_122,GCCCCA,CGCACC,4,CAGATGCTCAACATTCCGCAGACCTCTCTGCAAGCAAAGCCCGTGGCCCCACAGGTGCCCAGCCCAGGGGGCGCCCCGGGCCAGGGTCCATACCCGTACAGCCTCTCTGAGCCAGCACCTCTCACTTTGGACACGAGCGGGAAGAATCTGACGGAGCAGAACAGCTACAGCAACATTCCTCACGAAGGGAAGCACACGCCGCTGTATGAGCGGTCCTTGCCCATCAACCCGGCCCAGAGCGGCACGCACCACCACGTGGATTCCGCCTACTTCCCTGGCTCTTCTACATCGTCATCTTCCGACAACGACGAGGGC
FAM120A2P_123,CCCAAC,ACCCCA,4,CAGATGCTCAACATTCCGCAGACCTCTCTGCAAGCAAAGCCCGTGGCCCCACAGGTGCCCAGCCCAGGGGGCGCCCCGGGCCAGGGTCCATACCCGTACAGCCTCTCTGAGCCAGCACCTCTCACTTTGGACACGAGCGGGAAGAATCTGACGGAGCAGAACAGCTACAGCAACATTCCTCACGAAGGGAAGCACACGCCGCTGTATGAGCGGTCCTTGCCCATCAACCCGGCCCAGAGCGGCAGCACCCCACACGTGGATTCCGCCTACTTCCCTGGCTCTTCTACATCGTCATCTTCCGACAACGACGAGGGC
FAM120A2P_124,CAACCA,ACCCAA,4,CAGATGCTCAACATTCCGCAGACCTCTCTGCAAGCAAAGCCCGTGGCCCCACAGGTGCCCAGCCCAGGGGGCGCCCCGGGCCAGGGTCCATACCCGTACAGCCTCTCTGAGCCAGCACCTCTCACTTTGGACACGAGCGGGAAGAATCTGACGGAGCAGAACAGCTACAGCAACATTCCTCACGAAGGGAAGCACACGCCGCTGTATGAGCGGTCCTTGCCCATCAACCCGGCCCAGAGCGGCAGCCCACCCAACGTGGATTCCGCCTACTTCCCTGGCTCTTCTACATCGTCATCTTCCGACAACGACGAGGGC
FAM120A2P_125,ACCACG,GCACCA,4,CAGATGCTCAACATTCCGCAGACCTCTCTGCAAGCAAAGCCCGTGGCCCCACAGGTGCCCAGCCCAGGGGGCGCCCCGGGCCAGGGTCCATACCCGTACAGCCTCTCTGAGCCAGCACCTCTCACTTTGGACACGAGCGGGAAGAATCTGACGGAGCAGAACAGCTACAGCAACATTCCTCACGAAGGGAAGCACACGCCGCTGTATGAGCGGTCCTTGCCCATCAACCCGGCCCAGAGCGGCAGCCCCAGCACCATGGATTCCGCCTACTTCCCTGGCTCTTCTACATCGTCATCTTCCGACAACGACGAGGGC
FAM120A2P_126,CACGTG,GGTCCA,6,CAGATGCTCAACATTCCGCAGACCTCTCTGCAAGCAAAGCCCGTGGCCCCACAGGTGCCCAGCCCAGGGGGCGCCCCGGGCCAGGGTCCATACCCGTACAGCCTCTCTGAGCCAGCACCTCTCACTTTGGACACGAGCGGGAAGAATCTGACGGAGCAGAACAGCTACAGCAACATTCCTCACGAAGGGAAGCACACGCCGCTGTATGAGCGGTCCTTGCCCATCAACCCGGCCCAGAGCGGCAGCCCCAACGGTCCAGATTCCGCCTACTTCCCTGGCTCTTCTACATCGTCATCTTCCGACAACGACGAGGGC
FAM120A2P_127,CGTGGA,AGGGTC,4,CAGATGCTCAACATTCCGCAGACCTCTCTGCAAGCAAAGCCCGTGGCCCCACAGGTGCCCAGCCCAGGGGGCGCCCCGGGCCAGGGTCCATACCCGTACAGCCTCTCTGAGCCAGCACCTCTCACTTTGGACACGAGCGGGAAGAATCTGACGGAGCAGAACAGCTACAGCAACATTCCTCACGAAGGGAAGCACACGCCGCTGTATGAGCGGTCCTTGCCCATCAACCCGGCCCAGAGCGGCAGCCCCAACCAAGGGTCTTCCGCCTACTTCCCTGGCTCTTCTACATCGTCATCTTCCGACAACGACGAGGGC
FAM120A2P_128,TGGATT,TGTTAG,4,CAGATGCTCAACATTCCGCAGACCTCTCTGCAAGCAAAGCCCGTGGCCCCACAGGTGCCCAGCCCAGGGGGCGCCCCGGGCCAGGGTCCATACCCGTACAGCCTCTCTGAGCCAGCACCTCTCACTTTGGACACGAGCGGGAAGAATCTGACGGAGCAGAACAGCTACAGCAACATTCCTCACGAAGGGAAGCACACGCCGCTGTATGAGCGGTCCTTGCCCATCAACCCGGCCCAGAGCGGCAGCCCCAACCACGTGTTAGCCGCCTACTTCCCTGGCTCTTCTACATCGTCATCTTCCGACAACGACGAGGGC
FAM120A2P_129,GATTCC,CACGTT,5,CAGATGCTCAACATTCCGCAGACCTCTCTGCAAGCAAAGCCCGTGGCCCCACAGGTGCCCAGCCCAGGGGGCGCCCCGGGCCAGGGTCCATACCCGTACAGCCTCTCTGAGCCAGCACCTCTCACTTTGGACACGAGCGGGAAGAATCTGACGGAGCAGAACAGCTACAGCAACATTCCTCACGAAGGGAAGCACACGCCGCTGTATGAGCGGTCCTTGCCCATCAACCCGGCCCAGAGCGGCAGCCCCAACCACGTGCACGTTGCCTACTTCCCTGGCTCTTCTACATCGTCATCTTCCGACAACGACGAGGGC
FAM120A2P_130,TTCCGC,GCCTTC,4,CAGATGCTCAACATTCCGCAGACCTCTCTGCAAGCAAAGCCCGTGGCCCCACAGGTGCCCAGCCCAGGGGGCGCCCCGGGCCAGGGTCCATACCCGTACAGCCTCTCTGAGCCAGCACCTCTCACTTTGGACACGAGCGGGAAGAATCTGACGGAGCAGAACAGCTACAGCAACATTCCTCACGAAGGGAAGCACACGCCGCTGTATGAGCGGTCCTTGCCCATCAACCCGGCCCAGAGCGGCAGCCCCAACCACGTGGAGCCTTCCTACTTCCCTGGCTCTTCTACATCGTCATCTTCCGACAACGACGAGGGC
FAM120A2P_131,CCGCCT,CTGCCC,2,CAGATGCTCAACATTCCGCAGACCTCTCTGCAAGCAAAGCCCGTGGCCCCACAGGTGCCCAGCCCAGGGGGCGCCCCGGGCCAGGGTCCATACCCGTACAGCCTCTCTGAGCCAGCACCTCTCACTTTGGACACGAGCGGGAAGAATCTGACGGAGCAGAACAGCTACAGCAACATTCCTCACGAAGGGAAGCACACGCCGCTGTATGAGCGGTCCTTGCCCATCAACCCGGCCCAGAGCGGCAGCCCCAACCACGTGGATTCTGCCCACTTCCCTGGCTCTTCTACATCGTCATCTTCCGACAACGACGAGGGC
FAM120A2P_132,GCCTAC,GCCATC,2,CAGATGCTCAACATTCCGCAGACCTCTCTGCAAGCAAAGCCCGTGGCCCCACAGGTGCCCAGCCCAGGGGGCGCCCCGGGCCAGGGTCCATACCCGTACAGCCTCTCTGAGCCAGCACCTCTCACTTTGGACACGAGCGGGAAGAATCTGACGGAGCAGAACAGCTACAGCAACATTCCTCACGAAGGGAAGCACACGCCGCTGTATGAGCGGTCCTTGCCCATCAACCCGGCCCAGAGCGGCAGCCCCAACCACGTGGATTCCGCCATCTTCCCTGGCTCTTCTACATCGTCATCTTCCGACAACGACGAGGGC
FAM120A2P_133,CTACTT,TTCTCA,5,CAGATGCTCAACATTCCGCAGACCTCTCTGCAAGCAAAGCCCGTGGCCCCACAGGTGCCCAGCCCAGGGGGCGCCCCGGGCCAGGGTCCATACCCGTACAGCCTCTCTGAGCCAGCACCTCTCACTTTGGACACGAGCGGGAAGAATCTGACGGAGCAGAACAGCTACAGCAACATTCCTCACGAAGGGAAGCACACGCCGCTGTATGAGCGGTCCTTGCCCATCAACCCGGCCCAGAGCGGCAGCCCCAACCACGTGGATTCCGCTTCTCACCCTGGCTCTTCTACATCGTCATCTTCCGACAACGACGAGGGC
FAM120A2P_134,ACTTCC,CCTATC,3,CAGATGCTCAACATTCCGCAGACCTCTCTGCAAGCAAAGCCCGTGGCCCCACAGGTGCCCAGCCCAGGGGGCGCCCCGGGCCAGGGTCCATACCCGTACAGCCTCTCTGAGCCAGCACCTCTCACTTTGGACACGAGCGGGAAGAATCTGACGGAGCAGAACAGCTACAGCAACATTCCTCACGAAGGGAAGCACACGCCGCTGTATGAGCGGTCCTTGCCCATCAACCCGGCCCAGAGCGGCAGCCCCAACCACGTGGATTCCGCCTCCTATCCTGGCTCTTCTACATCGTCATCTTCCGACAACGACGAGGGC
FAM120A2P_135,TTCCCT,CTCTTC,4,CAGATGCTCAACATTCCGCAGACCTCTCTGCAAGCAAAGCCCGTGGCCCCACAGGTGCCCAGCCCAGGGGGCGCCCCGGGCCAGGGTCCATACCCGTACAGCCTCTCTGAGCCAGCACCTCTCACTTTGGACACGAGCGGGAAGAATCTGACGGAGCAGAACAGCTACAGCAACATTCCTCACGAAGGGAAGCACACGCCGCTGTATGAGCGGTCCTTGCCCATCAACCCGGCCCAGAGCGGCAGCCCCAACCACGTGGATTCCGCCTACCTCTTCGGCTCTTCTACATCGTCATCTTCCGACAACGACGAGGGC
FAM120A2P_136,CCCTGG,GTCCGC,4,CAGATGCTCAACATTCCGCAGACCTCTCTGCAAGCAAAGCCCGTGGCCCCACAGGTGCCCAGCCCAGGGGGCGCCCCGGGCCAGGGTCCATACCCGTACAGCCTCTCTGAGCCAGCACCTCTCACTTTGGACACGAGCGGGAAGAATCTGACGGAGCAGAACAGCTACAGCAACATTCCTCACGAAGGGAAGCACACGCCGCTGTATGAGCGGTCCTTGCCCATCAACCCGGCCCAGAGCGGCAGCCCCAACCACGTGGATTCCGCCTACTTGTCCGCCTCTTCTACATCGTCATCTTCCGACAACGACGAGGGC
FAM120A2P_137,CTGGCT,GCGTTC,5,CAGATGCTCAACATTCCGCAGACCTCTCTGCAAGCAAAGCCCGTGGCCCCACAGGTGCCCAGCCCAGGGGGCGCCCCGGGCCAGGGTCCATACCCGTACAGCCTCTCTGAGCCAGCACCTCTCACTTTGGACACGAGCGGGAAGAATCTGACGGAGCAGAACAGCTACAGCAACATTCCTCACGAAGGGAAGCACACGCCGCTGTATGAGCGGTCCTTGCCCATCAACCCGGCCCAGAGCGGCAGCCCCAACCACGTGGATTCCGCCTACTTCCGCGTTCCTTCTACATCGTCATCTTCCGACAACGACGAGGGC
FAM120A2P_138,GGCTCT,TGGCTC,5,CAGATGCTCAACATTCCGCAGACCTCTCTGCAAGCAAAGCCCGTGGCCCCACAGGTGCCCAGCCCAGGGGGCGCCCCGGGCCAGGGTCCATACCCGTACAGCCTCTCTGAGCCAGCACCTCTCACTTTGGACACGAGCGGGAAGAATCTGACGGAGCAGAACAGCTACAGCAACATTCCTCACGAAGGGAAGCACACGCCGCTGTATGAGCGGTCCTTGCCCATCAACCCGGCCCAGAGCGGCAGCCCCAACCACGTGGATTCCGCCTACTTCCCTTGGCTCTCTACATCGTCATCTTCCGACAACGACGAGGGC
FAM120A2P_139,CTCTTC,CCCTTT,2,CAGATGCTCAACATTCCGCAGACCTCTCTGCAAGCAAAGCCCGTGGCCCCACAGGTGCCCAGCCCAGGGGGCGCCCCGGGCCAGGGTCCATACCCGTACAGCCTCTCTGAGCCAGCACCTCTCACTTTGGACACGAGCGGGAAGAATCTGACGGAGCAGAACAGCTACAGCAACATTCCTCACGAAGGGAAGCACACGCCGCTGTATGAGCGGTCCTTGCCCATCAACCCGGCCCAGAGCGGCAGCCCCAACCACGTGGATTCCGCCTACTTCCCTGGCCCTTTTACATCGTCATCTTCCGACAACGACGAGGGC
FAM120A2P_140,CTTCTA,CCATTT,4,CAGATGCTCAACATTCCGCAGACCTCTCTGCAAGCAAAGCCCGTGGCCCCACAGGTGCCCAGCCCAGGGGGCGCCCCGGGCCAGGGTCCATACCCGTACAGCCTCTCTGAGCCAGCACCTCTCACTTTGGACACGAGCGGGAAGAATCTGACGGAGCAGAACAGCTACAGCAACATTCCTCACGAAGGGAAGCACACGCCGCTGTATGAGCGGTCCTTGCCCATCAACCCGGCCCAGAGCGGCAGCCCCAACCACGTGGATTCCGCCTACTTCCCTGGCTCCATTTCATCGTCATCTTCCGACAACGACGAGGGC
FAM120A2P_141,TCTACA,ACATCT,4,CAGATGCTCAACATTCCGCAGACCTCTCTGCAAGCAAAGCCCGTGGCCCCACAGGTGCCCAGCCCAGGGGGCGCCCCGGGCCAGGGTCCATACCCGTACAGCCTCTCTGAGCCAGCACCTCTCACTTTGGACACGAGCGGGAAGAATCTGACGGAGCAGAACAGCTACAGCAACATTCCTCACGAAGGGAAGCACACGCCGCTGTATGAGCGGTCCTTGCCCATCAACCCGGCCCAGAGCGGCAGCCCCAACCACGTGGATTCCGCCTACTTCCCTGGCTCTACATCTTCGTCATCTTCCGACAACGACGAGGGC
FAM120A2P_142,TACATC,ATCTAC,4,CAGATGCTCAACATTCCGCAGACCTCTCTGCAAGCAAAGCCCGTGGCCCCACAGGTGCCCAGCCCAGGGGGCGCCCCGGGCCAGGGTCCATACCCGTACAGCCTCTCTGAGCCAGCACCTCTCACTTTGGACACGAGCGGGAAGAATCTGACGGAGCAGAACAGCTACAGCAACATTCCTCACGAAGGGAAGCACACGCCGCTGTATGAGCGGTCCTTGCCCATCAACCCGGCCCAGAGCGGCAGCCCCAACCACGTGGATTCCGCCTACTTCCCTGGCTCTTCATCTACGTCATCTTCCGACAACGACGAGGGC
FAM120A2P_143,CATCGT,CATTGC,2,CAGATGCTCAACATTCCGCAGACCTCTCTGCAAGCAAAGCCCGTGGCCCCACAGGTGCCCAGCCCAGGGGGCGCCCCGGGCCAGGGTCCATACCCGTACAGCCTCTCTGAGCCAGCACCTCTCACTTTGGACACGAGCGGGAAGAATCTGACGGAGCAGAACAGCTACAGCAACATTCCTCACGAAGGGAAGCACACGCCGCTGTATGAGCGGTCCTTGCCCATCAACCCGGCCCAGAGCGGCAGCCCCAACCACGTGGATTCCGCCTACTTCCCTGGCTCTTCTACATTGCCATCTTCCGACAACGACGAGGGC
FAM120A2P_144,TCGTCA,ACCTTG,4,CAGATGCTCAACATTCCGCAGACCTCTCTGCAAGCAAAGCCCGTGGCCCCACAGGTGCCCAGCCCAGGGGGCGCCCCGGGCCAGGGTCCATACCCGTACAGCCTCTCTGAGCCAGCACCTCTCACTTTGGACACGAGCGGGAAGAATCTGACGGAGCAGAACAGCTACAGCAACATTCCTCACGAAGGGAAGCACACGCCGCTGTATGAGCGGTCCTTGCCCATCAACCCGGCCCAGAGCGGCAGCCCCAACCACGTGGATTCCGCCTACTTCCCTGGCTCTTCTACAACCTTGTCTTCCGACAACGACGAGGGC
FAM120A2P_145,GTCATC,TCAGCT,6,CAGATGCTCAACATTCCGCAGACCTCTCTGCAAGCAAAGCCCGTGGCCCCACAGGTGCCCAGCCCAGGGGGCGCCCCGGGCCAGGGTCCATACCCGTACAGCCTCTCTGAGCCAGCACCTCTCACTTTGGACACGAGCGGGAAGAATCTGACGGAGCAGAACAGCTACAGCAACATTCCTCACGAAGGGAAGCACACGCCGCTGTATGAGCGGTCCTTGCCCATCAACCCGGCCCAGAGCGGCAGCCCCAACCACGTGGATTCCGCCTACTTCCCTGGCTCTTCTACATCTCAGCTTTCCGACAACGACGAGGGC
FAM120A2P_146,CATCTT,ACTCTT,2,CAGATGCTCAACATTCCGCAGACCTCTCTGCAAGCAAAGCCCGTGGCCCCACAGGTGCCCAGCCCAGGGGGCGCCCCGGGCCAGGGTCCATACCCGTACAGCCTCTCTGAGCCAGCACCTCTCACTTTGGACACGAGCGGGAAGAATCTGACGGAGCAGAACAGCTACAGCAACATTCCTCACGAAGGGAAGCACACGCCGCTGTATGAGCGGTCCTTGCCCATCAACCCGGCCCAGAGCGGCAGCCCCAACCACGTGGATTCCGCCTACTTCCCTGGCTCTTCTACATCGTACTCTTCCGACAACGACGAGGGC
FAM120A2P_147,TCTTCC,TCCCTT,4,CAGATGCTCAACATTCCGCAGACCTCTCTGCAAGCAAAGCCCGTGGCCCCACAGGTGCCCAGCCCAGGGGGCGCCCCGGGCCAGGGTCCATACCCGTACAGCCTCTCTGAGCCAGCACCTCTCACTTTGGACACGAGCGGGAAGAATCTGACGGAGCAGAACAGCTACAGCAACATTCCTCACGAAGGGAAGCACACGCCGCTGTATGAGCGGTCCTTGCCCATCAACCCGGCCCAGAGCGGCAGCCCCAACCACGTGGATTCCGCCTACTTCCCTGGCTCTTCTACATCGTCATCCCTTGACAACGACGAGGGC
FAM120A2P_148,TTCCGA,TCCGTA,3,CAGATGCTCAACATTCCGCAGACCTCTCTGCAAGCAAAGCCCGTGGCCCCACAGGTGCCCAGCCCAGGGGGCGCCCCGGGCCAGGGTCCATACCCGTACAGCCTCTCTGAGCCAGCACCTCTCACTTTGGACACGAGCGGGAAGAATCTGACGGAGCAGAACAGCTACAGCAACATTCCTCACGAAGGGAAGCACACGCCGCTGTATGAGCGGTCCTTGCCCATCAACCCGGCCCAGAGCGGCAGCCCCAACCACGTGGATTCCGCCTACTTCCCTGGCTCTTCTACATCGTCATCTCCGTACAACGACGAGGGC
FAM120A2P_149,CCGACA,CGCACA,2,CAGATGCTCAACATTCCGCAGACCTCTCTGCAAGCAAAGCCCGTGGCCCCACAGGTGCCCAGCCCAGGGGGCGCCCCGGGCCAGGGTCCATACCCGTACAGCCTCTCTGAGCCAGCACCTCTCACTTTGGACACGAGCGGGAAGAATCTGACGGAGCAGAACAGCTACAGCAACATTCCTCACGAAGGGAAGCACACGCCGCTGTATGAGCGGTCCTTGCCCATCAACCCGGCCCAGAGCGGCAGCCCCAACCACGTGGATTCCGCCTACTTCCCTGGCTCTTCTACATCGTCATCTTCGCACAACGACGAGGGC
FAM120A2P_150,GACAAC,ACCAGA,4,CAGATGCTCAACATTCCGCAGACCTCTCTGCAAGCAAAGCCCGTGGCCCCACAGGTGCCCAGCCCAGGGGGCGCCCCGGGCCAGGGTCCATACCCGTACAGCCTCTCTGAGCCAGCACCTCTCACTTTGGACACGAGCGGGAAGAATCTGACGGAGCAGAACAGCTACAGCAACATTCCTCACGAAGGGAAGCACACGCCGCTGTATGAGCGGTCCTTGCCCATCAACCCGGCCCAGAGCGGCAGCCCCAACCACGTGGATTCCGCCTACTTCCCTGGCTCTTCTACATCGTCATCTTCCACCAGAGACGAGGGC
FAM120A2P_151,CAACGA,GAACCA,2,CAGATGCTCAACATTCCGCAGACCTCTCTGCAAGCAAAGCCCGTGGCCCCACAGGTGCCCAGCCCAGGGGGCGCCCCGGGCCAGGGTCCATACCCGTACAGCCTCTCTGAGCCAGCACCTCTCACTTTGGACACGAGCGGGAAGAATCTGACGGAGCAGAACAGCTACAGCAACATTCCTCACGAAGGGAAGCACACGCCGCTGTATGAGCGGTCCTTGCCCATCAACCCGGCCCAGAGCGGCAGCCCCAACCACGTGGATTCCGCCTACTTCCCTGGCTCTTCTACATCGTCATCTTCCGAGAACCACGAGGGC
FAM120A2P_152,ACGACG,AGCACG,2,CAGATGCTCAACATTCCGCAGACCTCTCTGCAAGCAAAGCCCGTGGCCCCACAGGTGCCCAGCCCAGGGGGCGCCCCGGGCCAGGGTCCATACCCGTACAGCCTCTCTGAGCCAGCACCTCTCACTTTGGACACGAGCGGGAAGAATCTGACGGAGCAGAACAGCTACAGCAACATTCCTCACGAAGGGAAGCACACGCCGCTGTATGAGCGGTCCTTGCCCATCAACCCGGCCCAGAGCGGCAGCCCCAACCACGTGGATTCCGCCTACTTCCCTGGCTCTTCTACATCGTCATCTTCCGACAAGCACGAGGGC
FAM120A2P_153,GACGAG,GAGGCA,3,CAGATGCTCAACATTCCGCAGACCTCTCTGCAAGCAAAGCCCGTGGCCCCACAGGTGCCCAGCCCAGGGGGCGCCCCGGGCCAGGGTCCATACCCGTACAGCCTCTCTGAGCCAGCACCTCTCACTTTGGACACGAGCGGGAAGAATCTGACGGAGCAGAACAGCTACAGCAACATTCCTCACGAAGGGAAGCACACGCCGCTGTATGAGCGGTCCTTGCCCATCAACCCGGCCCAGAGCGGCAGCCCCAACCACGTGGATTCCGCCTACTTCCCTGGCTCTTCTACATCGTCATCTTCCGACAACGAGGCAGGC
FAM120A2P_154,CGAGGG,GAGCGG,4,CAGATGCTCAACATTCCGCAGACCTCTCTGCAAGCAAAGCCCGTGGCCCCACAGGTGCCCAGCCCAGGGGGCGCCCCGGGCCAGGGTCCATACCCGTACAGCCTCTCTGAGCCAGCACCTCTCACTTTGGACACGAGCGGGAAGAATCTGACGGAGCAGAACAGCTACAGCAACATTCCTCACGAAGGGAAGCACACGCCGCTGTATGAGCGGTCCTTGCCCATCAACCCGGCCCAGAGCGGCAGCCCCAACCACGTGGATTCCGCCTACTTCCCTGGCTCTTCTACATCGTCATCTTCCGACAACGAGAGCGGC
